user_id,username,tagline,join_date,rank_tier_uuid
1,player0001,#7578,2025-10-20,03621f52-342b-cf4e-4f86-9350a49c6d04
2,player0002,#9550,2025-10-19,03621f52-342b-cf4e-4f86-9350a49c6d04
3,player0003,#0204,2025-05-19,03621f52-342b-cf4e-4f86-9350a49c6d04
4,player0004,#0706,2025-05-22,03621f52-342b-cf4e-4f86-9350a49c6d04
5,player0005,#0674,2025-02-05,03621f52-342b-cf4e-4f86-9350a49c6d04
6,player0006,#3982,2025-01-31,03621f52-342b-cf4e-4f86-9350a49c6d04
7,player0007,#9091,2025-01-24,03621f52-342b-cf4e-4f86-9350a49c6d04
8,player0008,#1716,2025-12-24,03621f52-342b-cf4e-4f86-9350a49c6d04
9,player0009,#4549,2025-03-02,03621f52-342b-cf4e-4f86-9350a49c6d04
10,player0010,#6880,2025-08-03,03621f52-342b-cf4e-4f86-9350a49c6d04
11,player0011,#9750,2025-12-01,03621f52-342b-cf4e-4f86-9350a49c6d04
12,player0012,#8300,2025-12-21,03621f52-342b-cf4e-4f86-9350a49c6d04
13,player0013,#7488,2025-02-12,03621f52-342b-cf4e-4f86-9350a49c6d04
14,player0014,#8692,2025-11-26,03621f52-342b-cf4e-4f86-9350a49c6d04
15,player0015,#6842,2025-01-15,03621f52-342b-cf4e-4f86-9350a49c6d04
16,player0016,#1737,2025-01-18,03621f52-342b-cf4e-4f86-9350a49c6d04
17,player0017,#5144,2025-02-07,03621f52-342b-cf4e-4f86-9350a49c6d04
18,player0018,#1842,2025-12-11,03621f52-342b-cf4e-4f86-9350a49c6d04
19,player0019,#8846,2026-01-01,03621f52-342b-cf4e-4f86-9350a49c6d04
20,player0020,#2069,2025-01-15,03621f52-342b-cf4e-4f86-9350a49c6d04
21,player0021,#3305,2025-08-21,03621f52-342b-cf4e-4f86-9350a49c6d04
22,player0022,#6345,2025-04-11,03621f52-342b-cf4e-4f86-9350a49c6d04
23,player0023,#3057,2025-08-10,03621f52-342b-cf4e-4f86-9350a49c6d04
24,player0024,#2633,2025-08-01,03621f52-342b-cf4e-4f86-9350a49c6d04
25,player0025,#7034,2025-06-29,03621f52-342b-cf4e-4f86-9350a49c6d04
26,player0026,#4103,2025-08-02,03621f52-342b-cf4e-4f86-9350a49c6d04
27,player0027,#7213,2025-01-06,03621f52-342b-cf4e-4f86-9350a49c6d04
28,player0028,#3486,2025-03-19,03621f52-342b-cf4e-4f86-9350a49c6d04
29,player0029,#6320,2025-01-10,03621f52-342b-cf4e-4f86-9350a49c6d04
30,player0030,#3379,2025-06-20,03621f52-342b-cf4e-4f86-9350a49c6d04
31,player0031,#2078,2025-01-23,03621f52-342b-cf4e-4f86-9350a49c6d04
32,player0032,#5638,2026-01-08,03621f52-342b-cf4e-4f86-9350a49c6d04
33,player0033,#3165,2025-12-16,03621f52-342b-cf4e-4f86-9350a49c6d04
34,player0034,#4985,2025-09-11,03621f52-342b-cf4e-4f86-9350a49c6d04
35,player0035,#6521,2025-08-10,03621f52-342b-cf4e-4f86-9350a49c6d04
36,player0036,#3684,2025-04-12,03621f52-342b-cf4e-4f86-9350a49c6d04
37,player0037,#3902,2025-12-25,03621f52-342b-cf4e-4f86-9350a49c6d04
38,player0038,#3424,2025-10-08,03621f52-342b-cf4e-4f86-9350a49c6d04
39,player0039,#2601,2026-01-28,03621f52-342b-cf4e-4f86-9350a49c6d04
40,player0040,#3200,2025-04-02,03621f52-342b-cf4e-4f86-9350a49c6d04
41,player0041,#8134,2025-12-06,03621f52-342b-cf4e-4f86-9350a49c6d04
42,player0042,#7214,2025-03-30,03621f52-342b-cf4e-4f86-9350a49c6d04
43,player0043,#4535,2026-01-02,03621f52-342b-cf4e-4f86-9350a49c6d04
44,player0044,#0208,2025-03-23,03621f52-342b-cf4e-4f86-9350a49c6d04
45,player0045,#2141,2025-02-03,03621f52-342b-cf4e-4f86-9350a49c6d04
46,player0046,#0183,2025-05-22,03621f52-342b-cf4e-4f86-9350a49c6d04
47,player0047,#8511,2025-09-25,03621f52-342b-cf4e-4f86-9350a49c6d04
48,player0048,#5152,2025-11-10,03621f52-342b-cf4e-4f86-9350a49c6d04
49,player0049,#2827,2026-02-01,03621f52-342b-cf4e-4f86-9350a49c6d04
50,player0050,#0889,2025-07-23,03621f52-342b-cf4e-4f86-9350a49c6d04
51,player0051,#9640,2025-05-16,03621f52-342b-cf4e-4f86-9350a49c6d04
52,player0052,#5664,2025-02-08,03621f52-342b-cf4e-4f86-9350a49c6d04
53,player0053,#8158,2025-06-16,03621f52-342b-cf4e-4f86-9350a49c6d04
54,player0054,#6560,2025-04-15,03621f52-342b-cf4e-4f86-9350a49c6d04
55,player0055,#3929,2025-04-08,03621f52-342b-cf4e-4f86-9350a49c6d04
56,player0056,#6535,2025-10-02,03621f52-342b-cf4e-4f86-9350a49c6d04
57,player0057,#1666,2025-01-28,03621f52-342b-cf4e-4f86-9350a49c6d04
58,player0058,#7558,2025-02-22,03621f52-342b-cf4e-4f86-9350a49c6d04
59,player0059,#8649,2026-01-19,03621f52-342b-cf4e-4f86-9350a49c6d04
60,player0060,#5787,2025-01-06,03621f52-342b-cf4e-4f86-9350a49c6d04
61,player0061,#1394,2025-08-22,03621f52-342b-cf4e-4f86-9350a49c6d04
62,player0062,#7951,2025-02-24,03621f52-342b-cf4e-4f86-9350a49c6d04
63,player0063,#4289,2025-07-24,03621f52-342b-cf4e-4f86-9350a49c6d04
64,player0064,#4602,2025-03-12,03621f52-342b-cf4e-4f86-9350a49c6d04
65,player0065,#6247,2025-05-15,03621f52-342b-cf4e-4f86-9350a49c6d04
66,player0066,#9900,2025-12-29,03621f52-342b-cf4e-4f86-9350a49c6d04
67,player0067,#3246,2025-01-16,03621f52-342b-cf4e-4f86-9350a49c6d04
68,player0068,#5068,2025-09-13,03621f52-342b-cf4e-4f86-9350a49c6d04
69,player0069,#0955,2025-01-21,03621f52-342b-cf4e-4f86-9350a49c6d04
70,player0070,#9254,2025-04-04,03621f52-342b-cf4e-4f86-9350a49c6d04
71,player0071,#0179,2025-07-25,03621f52-342b-cf4e-4f86-9350a49c6d04
72,player0072,#4952,2025-03-31,03621f52-342b-cf4e-4f86-9350a49c6d04
73,player0073,#2081,2025-01-06,03621f52-342b-cf4e-4f86-9350a49c6d04
74,player0074,#3871,2025-09-08,03621f52-342b-cf4e-4f86-9350a49c6d04
75,player0075,#1752,2025-12-27,03621f52-342b-cf4e-4f86-9350a49c6d04
76,player0076,#6168,2025-07-15,03621f52-342b-cf4e-4f86-9350a49c6d04
77,player0077,#8547,2025-08-24,03621f52-342b-cf4e-4f86-9350a49c6d04
78,player0078,#1580,2025-10-02,03621f52-342b-cf4e-4f86-9350a49c6d04
79,player0079,#8457,2025-09-03,03621f52-342b-cf4e-4f86-9350a49c6d04
80,player0080,#9969,2025-11-05,03621f52-342b-cf4e-4f86-9350a49c6d04
81,player0081,#7994,2026-01-22,03621f52-342b-cf4e-4f86-9350a49c6d04
82,player0082,#7453,2025-04-09,03621f52-342b-cf4e-4f86-9350a49c6d04
83,player0083,#5211,2025-08-06,03621f52-342b-cf4e-4f86-9350a49c6d04
84,player0084,#5417,2025-02-18,03621f52-342b-cf4e-4f86-9350a49c6d04
85,player0085,#3480,2025-02-05,03621f52-342b-cf4e-4f86-9350a49c6d04
86,player0086,#5028,2025-11-28,03621f52-342b-cf4e-4f86-9350a49c6d04
87,player0087,#5666,2025-09-20,03621f52-342b-cf4e-4f86-9350a49c6d04
88,player0088,#8577,2025-02-03,03621f52-342b-cf4e-4f86-9350a49c6d04
89,player0089,#8259,2025-02-12,03621f52-342b-cf4e-4f86-9350a49c6d04
90,player0090,#0450,2025-01-19,03621f52-342b-cf4e-4f86-9350a49c6d04
91,player0091,#7390,2025-11-23,03621f52-342b-cf4e-4f86-9350a49c6d04
92,player0092,#6408,2025-12-04,03621f52-342b-cf4e-4f86-9350a49c6d04
93,player0093,#5135,2025-06-04,03621f52-342b-cf4e-4f86-9350a49c6d04
94,player0094,#4243,2025-08-30,03621f52-342b-cf4e-4f86-9350a49c6d04
95,player0095,#4170,2025-10-19,03621f52-342b-cf4e-4f86-9350a49c6d04
96,player0096,#7742,2025-08-10,03621f52-342b-cf4e-4f86-9350a49c6d04
97,player0097,#5824,2025-10-11,03621f52-342b-cf4e-4f86-9350a49c6d04
98,player0098,#8037,2025-05-03,03621f52-342b-cf4e-4f86-9350a49c6d04
99,player0099,#6453,2025-05-04,03621f52-342b-cf4e-4f86-9350a49c6d04
100,player0100,#0874,2025-01-02,03621f52-342b-cf4e-4f86-9350a49c6d04
101,player0101,#6371,2025-01-01,03621f52-342b-cf4e-4f86-9350a49c6d04
102,player0102,#0760,2025-12-25,03621f52-342b-cf4e-4f86-9350a49c6d04
103,player0103,#6322,2025-12-31,03621f52-342b-cf4e-4f86-9350a49c6d04
104,player0104,#4853,2025-05-07,03621f52-342b-cf4e-4f86-9350a49c6d04
105,player0105,#0223,2025-07-09,03621f52-342b-cf4e-4f86-9350a49c6d04
106,player0106,#7355,2025-11-10,03621f52-342b-cf4e-4f86-9350a49c6d04
107,player0107,#3263,2025-06-07,03621f52-342b-cf4e-4f86-9350a49c6d04
108,player0108,#1059,2025-05-30,03621f52-342b-cf4e-4f86-9350a49c6d04
109,player0109,#5736,2025-03-05,03621f52-342b-cf4e-4f86-9350a49c6d04
110,player0110,#0927,2025-11-07,03621f52-342b-cf4e-4f86-9350a49c6d04
111,player0111,#8585,2026-01-04,03621f52-342b-cf4e-4f86-9350a49c6d04
112,player0112,#7675,2025-07-13,03621f52-342b-cf4e-4f86-9350a49c6d04
113,player0113,#6939,2025-10-05,03621f52-342b-cf4e-4f86-9350a49c6d04
114,player0114,#8842,2025-05-07,03621f52-342b-cf4e-4f86-9350a49c6d04
115,player0115,#3464,2025-11-21,03621f52-342b-cf4e-4f86-9350a49c6d04
116,player0116,#1207,2025-01-03,03621f52-342b-cf4e-4f86-9350a49c6d04
117,player0117,#0931,2025-11-17,03621f52-342b-cf4e-4f86-9350a49c6d04
118,player0118,#7144,2025-01-05,03621f52-342b-cf4e-4f86-9350a49c6d04
119,player0119,#4347,2025-09-17,03621f52-342b-cf4e-4f86-9350a49c6d04
120,player0120,#8719,2025-06-12,03621f52-342b-cf4e-4f86-9350a49c6d04
121,player0121,#2220,2025-10-14,03621f52-342b-cf4e-4f86-9350a49c6d04
122,player0122,#2276,2025-10-01,03621f52-342b-cf4e-4f86-9350a49c6d04
123,player0123,#1259,2025-06-10,03621f52-342b-cf4e-4f86-9350a49c6d04
124,player0124,#0432,2025-07-11,03621f52-342b-cf4e-4f86-9350a49c6d04
125,player0125,#2352,2025-04-15,03621f52-342b-cf4e-4f86-9350a49c6d04
126,player0126,#0144,2025-01-25,03621f52-342b-cf4e-4f86-9350a49c6d04
127,player0127,#6820,2025-07-20,03621f52-342b-cf4e-4f86-9350a49c6d04
128,player0128,#9119,2025-07-15,03621f52-342b-cf4e-4f86-9350a49c6d04
129,player0129,#6372,2025-12-04,03621f52-342b-cf4e-4f86-9350a49c6d04
130,player0130,#5985,2026-01-15,03621f52-342b-cf4e-4f86-9350a49c6d04
131,player0131,#4368,2025-07-09,03621f52-342b-cf4e-4f86-9350a49c6d04
132,player0132,#2359,2025-06-01,03621f52-342b-cf4e-4f86-9350a49c6d04
133,player0133,#0411,2025-06-07,03621f52-342b-cf4e-4f86-9350a49c6d04
134,player0134,#9954,2025-05-17,03621f52-342b-cf4e-4f86-9350a49c6d04
135,player0135,#6635,2025-12-16,03621f52-342b-cf4e-4f86-9350a49c6d04
136,player0136,#0617,2025-04-23,03621f52-342b-cf4e-4f86-9350a49c6d04
137,player0137,#9399,2025-04-30,03621f52-342b-cf4e-4f86-9350a49c6d04
138,player0138,#6510,2025-03-17,03621f52-342b-cf4e-4f86-9350a49c6d04
139,player0139,#9358,2025-03-31,03621f52-342b-cf4e-4f86-9350a49c6d04
140,player0140,#7818,2025-03-08,03621f52-342b-cf4e-4f86-9350a49c6d04
141,player0141,#8768,2025-04-27,03621f52-342b-cf4e-4f86-9350a49c6d04
142,player0142,#0008,2025-01-22,03621f52-342b-cf4e-4f86-9350a49c6d04
143,player0143,#5470,2025-03-23,03621f52-342b-cf4e-4f86-9350a49c6d04
144,player0144,#3655,2025-03-28,03621f52-342b-cf4e-4f86-9350a49c6d04
145,player0145,#0081,2025-02-16,03621f52-342b-cf4e-4f86-9350a49c6d04
146,player0146,#1081,2025-06-15,03621f52-342b-cf4e-4f86-9350a49c6d04
147,player0147,#7038,2025-08-14,03621f52-342b-cf4e-4f86-9350a49c6d04
148,player0148,#4424,2025-02-21,03621f52-342b-cf4e-4f86-9350a49c6d04
149,player0149,#9835,2025-05-14,03621f52-342b-cf4e-4f86-9350a49c6d04
150,player0150,#7127,2025-11-01,03621f52-342b-cf4e-4f86-9350a49c6d04
151,player0151,#6527,2025-05-16,03621f52-342b-cf4e-4f86-9350a49c6d04
152,player0152,#3735,2025-09-06,03621f52-342b-cf4e-4f86-9350a49c6d04
153,player0153,#8035,2025-04-17,03621f52-342b-cf4e-4f86-9350a49c6d04
154,player0154,#6684,2025-05-11,03621f52-342b-cf4e-4f86-9350a49c6d04
155,player0155,#5801,2025-07-13,03621f52-342b-cf4e-4f86-9350a49c6d04
156,player0156,#5105,2025-09-28,03621f52-342b-cf4e-4f86-9350a49c6d04
157,player0157,#2039,2025-07-20,03621f52-342b-cf4e-4f86-9350a49c6d04
158,player0158,#4170,2025-02-21,03621f52-342b-cf4e-4f86-9350a49c6d04
159,player0159,#7279,2025-09-28,03621f52-342b-cf4e-4f86-9350a49c6d04
160,player0160,#6188,2025-09-24,03621f52-342b-cf4e-4f86-9350a49c6d04
161,player0161,#4698,2025-01-07,03621f52-342b-cf4e-4f86-9350a49c6d04
162,player0162,#5475,2025-06-02,03621f52-342b-cf4e-4f86-9350a49c6d04
163,player0163,#0897,2025-01-26,03621f52-342b-cf4e-4f86-9350a49c6d04
164,player0164,#4411,2025-01-07,03621f52-342b-cf4e-4f86-9350a49c6d04
165,player0165,#7557,2026-01-18,03621f52-342b-cf4e-4f86-9350a49c6d04
166,player0166,#7914,2025-08-07,03621f52-342b-cf4e-4f86-9350a49c6d04
167,player0167,#6222,2025-08-07,03621f52-342b-cf4e-4f86-9350a49c6d04
168,player0168,#3849,2026-01-01,03621f52-342b-cf4e-4f86-9350a49c6d04
169,player0169,#1558,2026-01-08,03621f52-342b-cf4e-4f86-9350a49c6d04
170,player0170,#8297,2025-10-08,03621f52-342b-cf4e-4f86-9350a49c6d04
171,player0171,#7057,2025-07-22,03621f52-342b-cf4e-4f86-9350a49c6d04
172,player0172,#0630,2025-12-29,03621f52-342b-cf4e-4f86-9350a49c6d04
173,player0173,#7825,2025-03-09,03621f52-342b-cf4e-4f86-9350a49c6d04
174,player0174,#0318,2025-11-18,03621f52-342b-cf4e-4f86-9350a49c6d04
175,player0175,#8649,2025-04-24,03621f52-342b-cf4e-4f86-9350a49c6d04
176,player0176,#9665,2025-12-20,03621f52-342b-cf4e-4f86-9350a49c6d04
177,player0177,#2900,2025-05-31,03621f52-342b-cf4e-4f86-9350a49c6d04
178,player0178,#2074,2025-10-28,03621f52-342b-cf4e-4f86-9350a49c6d04
179,player0179,#2732,2025-01-20,03621f52-342b-cf4e-4f86-9350a49c6d04
180,player0180,#8964,2025-05-23,03621f52-342b-cf4e-4f86-9350a49c6d04
181,player0181,#5804,2025-09-13,03621f52-342b-cf4e-4f86-9350a49c6d04
182,player0182,#4044,2025-09-17,03621f52-342b-cf4e-4f86-9350a49c6d04
183,player0183,#3938,2025-07-09,03621f52-342b-cf4e-4f86-9350a49c6d04
184,player0184,#5963,2025-11-23,03621f52-342b-cf4e-4f86-9350a49c6d04
185,player0185,#7056,2025-09-03,03621f52-342b-cf4e-4f86-9350a49c6d04
186,player0186,#5721,2025-04-05,03621f52-342b-cf4e-4f86-9350a49c6d04
187,player0187,#6883,2025-01-30,03621f52-342b-cf4e-4f86-9350a49c6d04
188,player0188,#4109,2025-02-28,03621f52-342b-cf4e-4f86-9350a49c6d04
189,player0189,#0948,2025-12-30,03621f52-342b-cf4e-4f86-9350a49c6d04
190,player0190,#2515,2025-01-09,03621f52-342b-cf4e-4f86-9350a49c6d04
191,player0191,#4427,2025-11-21,03621f52-342b-cf4e-4f86-9350a49c6d04
192,player0192,#7631,2025-09-28,03621f52-342b-cf4e-4f86-9350a49c6d04
193,player0193,#1429,2025-05-22,03621f52-342b-cf4e-4f86-9350a49c6d04
194,player0194,#5486,2025-04-06,03621f52-342b-cf4e-4f86-9350a49c6d04
195,player0195,#0597,2025-11-03,03621f52-342b-cf4e-4f86-9350a49c6d04
196,player0196,#9343,2025-03-24,03621f52-342b-cf4e-4f86-9350a49c6d04
197,player0197,#7041,2025-06-04,03621f52-342b-cf4e-4f86-9350a49c6d04
198,player0198,#6822,2025-05-04,03621f52-342b-cf4e-4f86-9350a49c6d04
199,player0199,#2037,2025-02-17,03621f52-342b-cf4e-4f86-9350a49c6d04
200,player0200,#0067,2025-09-05,03621f52-342b-cf4e-4f86-9350a49c6d04
201,player0201,#5131,2025-07-29,03621f52-342b-cf4e-4f86-9350a49c6d04
202,player0202,#3179,2025-05-25,03621f52-342b-cf4e-4f86-9350a49c6d04
203,player0203,#0367,2025-01-31,03621f52-342b-cf4e-4f86-9350a49c6d04
204,player0204,#0975,2025-10-17,03621f52-342b-cf4e-4f86-9350a49c6d04
205,player0205,#9931,2025-10-08,03621f52-342b-cf4e-4f86-9350a49c6d04
206,player0206,#1550,2026-01-20,03621f52-342b-cf4e-4f86-9350a49c6d04
207,player0207,#8444,2025-08-19,03621f52-342b-cf4e-4f86-9350a49c6d04
208,player0208,#5000,2025-09-05,03621f52-342b-cf4e-4f86-9350a49c6d04
209,player0209,#7092,2025-08-15,03621f52-342b-cf4e-4f86-9350a49c6d04
210,player0210,#5425,2025-11-13,03621f52-342b-cf4e-4f86-9350a49c6d04
211,player0211,#6503,2025-11-09,03621f52-342b-cf4e-4f86-9350a49c6d04
212,player0212,#7820,2025-03-11,03621f52-342b-cf4e-4f86-9350a49c6d04
213,player0213,#6289,2025-07-08,03621f52-342b-cf4e-4f86-9350a49c6d04
214,player0214,#1246,2025-05-22,03621f52-342b-cf4e-4f86-9350a49c6d04
215,player0215,#7345,2025-01-03,03621f52-342b-cf4e-4f86-9350a49c6d04
216,player0216,#5711,2025-03-14,03621f52-342b-cf4e-4f86-9350a49c6d04
217,player0217,#1990,2026-01-06,03621f52-342b-cf4e-4f86-9350a49c6d04
218,player0218,#7339,2025-09-20,03621f52-342b-cf4e-4f86-9350a49c6d04
219,player0219,#7852,2025-07-18,03621f52-342b-cf4e-4f86-9350a49c6d04
220,player0220,#8571,2025-04-17,03621f52-342b-cf4e-4f86-9350a49c6d04
221,player0221,#8717,2025-02-20,03621f52-342b-cf4e-4f86-9350a49c6d04
222,player0222,#5352,2025-03-17,03621f52-342b-cf4e-4f86-9350a49c6d04
223,player0223,#3888,2025-04-06,03621f52-342b-cf4e-4f86-9350a49c6d04
224,player0224,#1033,2025-05-21,03621f52-342b-cf4e-4f86-9350a49c6d04
225,player0225,#4338,2025-03-25,03621f52-342b-cf4e-4f86-9350a49c6d04
226,player0226,#4790,2025-08-12,03621f52-342b-cf4e-4f86-9350a49c6d04
227,player0227,#1017,2025-06-13,03621f52-342b-cf4e-4f86-9350a49c6d04
228,player0228,#4390,2025-10-29,03621f52-342b-cf4e-4f86-9350a49c6d04
229,player0229,#4185,2025-11-17,03621f52-342b-cf4e-4f86-9350a49c6d04
230,player0230,#4722,2025-09-29,03621f52-342b-cf4e-4f86-9350a49c6d04
231,player0231,#4355,2025-03-05,03621f52-342b-cf4e-4f86-9350a49c6d04
232,player0232,#3042,2025-07-11,03621f52-342b-cf4e-4f86-9350a49c6d04
233,player0233,#5444,2025-09-25,03621f52-342b-cf4e-4f86-9350a49c6d04
234,player0234,#9008,2025-05-21,03621f52-342b-cf4e-4f86-9350a49c6d04
235,player0235,#1935,2026-01-14,03621f52-342b-cf4e-4f86-9350a49c6d04
236,player0236,#9733,2025-01-22,03621f52-342b-cf4e-4f86-9350a49c6d04
237,player0237,#1741,2025-05-13,03621f52-342b-cf4e-4f86-9350a49c6d04
238,player0238,#5163,2025-12-23,03621f52-342b-cf4e-4f86-9350a49c6d04
239,player0239,#6998,2025-12-26,03621f52-342b-cf4e-4f86-9350a49c6d04
240,player0240,#2697,2025-12-09,03621f52-342b-cf4e-4f86-9350a49c6d04
241,player0241,#4957,2025-04-25,03621f52-342b-cf4e-4f86-9350a49c6d04
242,player0242,#2478,2025-01-11,03621f52-342b-cf4e-4f86-9350a49c6d04
243,player0243,#7552,2025-12-18,03621f52-342b-cf4e-4f86-9350a49c6d04
244,player0244,#0333,2025-05-18,03621f52-342b-cf4e-4f86-9350a49c6d04
245,player0245,#5301,2026-01-14,03621f52-342b-cf4e-4f86-9350a49c6d04
246,player0246,#1021,2025-09-09,03621f52-342b-cf4e-4f86-9350a49c6d04
247,player0247,#1025,2025-12-05,03621f52-342b-cf4e-4f86-9350a49c6d04
248,player0248,#5506,2026-01-28,03621f52-342b-cf4e-4f86-9350a49c6d04
249,player0249,#8709,2025-04-08,03621f52-342b-cf4e-4f86-9350a49c6d04
250,player0250,#4527,2025-04-13,03621f52-342b-cf4e-4f86-9350a49c6d04
251,player0251,#1666,2025-06-17,03621f52-342b-cf4e-4f86-9350a49c6d04
252,player0252,#2815,2025-02-06,03621f52-342b-cf4e-4f86-9350a49c6d04
253,player0253,#0977,2025-06-28,03621f52-342b-cf4e-4f86-9350a49c6d04
254,player0254,#6231,2025-11-15,03621f52-342b-cf4e-4f86-9350a49c6d04
255,player0255,#5511,2025-09-23,03621f52-342b-cf4e-4f86-9350a49c6d04
256,player0256,#9844,2025-08-25,03621f52-342b-cf4e-4f86-9350a49c6d04
257,player0257,#7265,2025-08-27,03621f52-342b-cf4e-4f86-9350a49c6d04
258,player0258,#0756,2025-01-05,03621f52-342b-cf4e-4f86-9350a49c6d04
259,player0259,#6826,2025-03-27,03621f52-342b-cf4e-4f86-9350a49c6d04
260,player0260,#5363,2025-11-10,03621f52-342b-cf4e-4f86-9350a49c6d04
261,player0261,#2498,2025-07-25,03621f52-342b-cf4e-4f86-9350a49c6d04
262,player0262,#3322,2025-08-15,03621f52-342b-cf4e-4f86-9350a49c6d04
263,player0263,#6257,2025-04-09,03621f52-342b-cf4e-4f86-9350a49c6d04
264,player0264,#0624,2025-03-08,03621f52-342b-cf4e-4f86-9350a49c6d04
265,player0265,#5996,2025-03-09,03621f52-342b-cf4e-4f86-9350a49c6d04
266,player0266,#4501,2025-07-01,03621f52-342b-cf4e-4f86-9350a49c6d04
267,player0267,#8584,2025-09-24,03621f52-342b-cf4e-4f86-9350a49c6d04
268,player0268,#6904,2025-07-16,03621f52-342b-cf4e-4f86-9350a49c6d04
269,player0269,#8926,2025-03-22,03621f52-342b-cf4e-4f86-9350a49c6d04
270,player0270,#1331,2025-04-15,03621f52-342b-cf4e-4f86-9350a49c6d04
271,player0271,#3141,2025-06-28,03621f52-342b-cf4e-4f86-9350a49c6d04
272,player0272,#3391,2025-11-18,03621f52-342b-cf4e-4f86-9350a49c6d04
273,player0273,#3357,2025-08-07,03621f52-342b-cf4e-4f86-9350a49c6d04
274,player0274,#8530,2025-06-08,03621f52-342b-cf4e-4f86-9350a49c6d04
275,player0275,#6195,2025-04-20,03621f52-342b-cf4e-4f86-9350a49c6d04
276,player0276,#4088,2025-06-22,03621f52-342b-cf4e-4f86-9350a49c6d04
277,player0277,#9781,2025-09-22,03621f52-342b-cf4e-4f86-9350a49c6d04
278,player0278,#8841,2025-12-31,03621f52-342b-cf4e-4f86-9350a49c6d04
279,player0279,#1239,2025-07-13,03621f52-342b-cf4e-4f86-9350a49c6d04
280,player0280,#0648,2025-11-07,03621f52-342b-cf4e-4f86-9350a49c6d04
281,player0281,#1230,2025-01-24,03621f52-342b-cf4e-4f86-9350a49c6d04
282,player0282,#9898,2025-03-20,03621f52-342b-cf4e-4f86-9350a49c6d04
283,player0283,#2353,2025-10-29,03621f52-342b-cf4e-4f86-9350a49c6d04
284,player0284,#0299,2025-04-01,03621f52-342b-cf4e-4f86-9350a49c6d04
285,player0285,#8469,2025-12-02,03621f52-342b-cf4e-4f86-9350a49c6d04
286,player0286,#2238,2026-01-20,03621f52-342b-cf4e-4f86-9350a49c6d04
287,player0287,#4808,2025-10-19,03621f52-342b-cf4e-4f86-9350a49c6d04
288,player0288,#4453,2025-05-25,03621f52-342b-cf4e-4f86-9350a49c6d04
289,player0289,#9026,2025-08-12,03621f52-342b-cf4e-4f86-9350a49c6d04
290,player0290,#4844,2025-04-20,03621f52-342b-cf4e-4f86-9350a49c6d04
291,player0291,#7832,2025-04-19,03621f52-342b-cf4e-4f86-9350a49c6d04
292,player0292,#8186,2025-10-18,03621f52-342b-cf4e-4f86-9350a49c6d04
293,player0293,#2051,2025-09-17,03621f52-342b-cf4e-4f86-9350a49c6d04
294,player0294,#8298,2025-03-01,03621f52-342b-cf4e-4f86-9350a49c6d04
295,player0295,#3197,2025-02-10,03621f52-342b-cf4e-4f86-9350a49c6d04
296,player0296,#1946,2025-09-11,03621f52-342b-cf4e-4f86-9350a49c6d04
297,player0297,#0563,2025-01-07,03621f52-342b-cf4e-4f86-9350a49c6d04
298,player0298,#8023,2025-06-22,03621f52-342b-cf4e-4f86-9350a49c6d04
299,player0299,#3386,2025-08-24,03621f52-342b-cf4e-4f86-9350a49c6d04
300,player0300,#4892,2026-01-16,03621f52-342b-cf4e-4f86-9350a49c6d04
301,player0301,#9398,2025-12-21,03621f52-342b-cf4e-4f86-9350a49c6d04
302,player0302,#8568,2025-04-27,03621f52-342b-cf4e-4f86-9350a49c6d04
303,player0303,#9920,2025-03-23,03621f52-342b-cf4e-4f86-9350a49c6d04
304,player0304,#9225,2025-10-31,03621f52-342b-cf4e-4f86-9350a49c6d04
305,player0305,#0478,2025-11-10,03621f52-342b-cf4e-4f86-9350a49c6d04
306,player0306,#6935,2025-06-30,03621f52-342b-cf4e-4f86-9350a49c6d04
307,player0307,#5876,2026-01-23,03621f52-342b-cf4e-4f86-9350a49c6d04
308,player0308,#8831,2026-02-01,03621f52-342b-cf4e-4f86-9350a49c6d04
309,player0309,#4235,2025-04-12,03621f52-342b-cf4e-4f86-9350a49c6d04
310,player0310,#2332,2026-01-30,03621f52-342b-cf4e-4f86-9350a49c6d04
311,player0311,#6144,2025-05-13,03621f52-342b-cf4e-4f86-9350a49c6d04
312,player0312,#5210,2025-10-10,03621f52-342b-cf4e-4f86-9350a49c6d04
313,player0313,#4565,2025-11-02,03621f52-342b-cf4e-4f86-9350a49c6d04
314,player0314,#2050,2025-12-10,03621f52-342b-cf4e-4f86-9350a49c6d04
315,player0315,#8048,2025-07-13,03621f52-342b-cf4e-4f86-9350a49c6d04
316,player0316,#6356,2025-09-01,03621f52-342b-cf4e-4f86-9350a49c6d04
317,player0317,#5071,2026-01-04,03621f52-342b-cf4e-4f86-9350a49c6d04
318,player0318,#9314,2025-04-15,03621f52-342b-cf4e-4f86-9350a49c6d04
319,player0319,#4189,2025-09-15,03621f52-342b-cf4e-4f86-9350a49c6d04
320,player0320,#3894,2025-05-26,03621f52-342b-cf4e-4f86-9350a49c6d04
321,player0321,#8061,2025-10-12,03621f52-342b-cf4e-4f86-9350a49c6d04
322,player0322,#7182,2025-04-23,03621f52-342b-cf4e-4f86-9350a49c6d04
323,player0323,#0723,2025-04-21,03621f52-342b-cf4e-4f86-9350a49c6d04
324,player0324,#2616,2025-11-03,03621f52-342b-cf4e-4f86-9350a49c6d04
325,player0325,#3395,2025-03-18,03621f52-342b-cf4e-4f86-9350a49c6d04
326,player0326,#1243,2025-05-21,03621f52-342b-cf4e-4f86-9350a49c6d04
327,player0327,#2846,2025-02-17,03621f52-342b-cf4e-4f86-9350a49c6d04
328,player0328,#0330,2025-03-09,03621f52-342b-cf4e-4f86-9350a49c6d04
329,player0329,#8517,2025-03-19,03621f52-342b-cf4e-4f86-9350a49c6d04
330,player0330,#4890,2026-01-17,03621f52-342b-cf4e-4f86-9350a49c6d04
331,player0331,#7681,2025-03-05,03621f52-342b-cf4e-4f86-9350a49c6d04
332,player0332,#9086,2025-12-09,03621f52-342b-cf4e-4f86-9350a49c6d04
333,player0333,#5581,2025-03-07,03621f52-342b-cf4e-4f86-9350a49c6d04
334,player0334,#9728,2025-07-18,03621f52-342b-cf4e-4f86-9350a49c6d04
335,player0335,#5104,2025-12-11,03621f52-342b-cf4e-4f86-9350a49c6d04
336,player0336,#2894,2025-09-22,03621f52-342b-cf4e-4f86-9350a49c6d04
337,player0337,#0486,2025-02-11,03621f52-342b-cf4e-4f86-9350a49c6d04
338,player0338,#5486,2025-11-08,03621f52-342b-cf4e-4f86-9350a49c6d04
339,player0339,#3383,2025-06-20,03621f52-342b-cf4e-4f86-9350a49c6d04
340,player0340,#6688,2025-12-16,03621f52-342b-cf4e-4f86-9350a49c6d04
341,player0341,#4150,2025-02-26,03621f52-342b-cf4e-4f86-9350a49c6d04
342,player0342,#9189,2025-03-29,03621f52-342b-cf4e-4f86-9350a49c6d04
343,player0343,#3552,2025-06-03,03621f52-342b-cf4e-4f86-9350a49c6d04
344,player0344,#7647,2025-07-20,03621f52-342b-cf4e-4f86-9350a49c6d04
345,player0345,#9055,2025-01-09,03621f52-342b-cf4e-4f86-9350a49c6d04
346,player0346,#4234,2025-11-09,03621f52-342b-cf4e-4f86-9350a49c6d04
347,player0347,#9674,2025-05-08,03621f52-342b-cf4e-4f86-9350a49c6d04
348,player0348,#3326,2025-02-01,03621f52-342b-cf4e-4f86-9350a49c6d04
349,player0349,#3123,2026-01-21,03621f52-342b-cf4e-4f86-9350a49c6d04
350,player0350,#6589,2025-07-17,03621f52-342b-cf4e-4f86-9350a49c6d04
351,player0351,#5172,2025-05-31,03621f52-342b-cf4e-4f86-9350a49c6d04
352,player0352,#4320,2026-02-01,03621f52-342b-cf4e-4f86-9350a49c6d04
353,player0353,#3735,2025-08-31,03621f52-342b-cf4e-4f86-9350a49c6d04
354,player0354,#4634,2025-03-24,03621f52-342b-cf4e-4f86-9350a49c6d04
355,player0355,#9398,2025-03-11,03621f52-342b-cf4e-4f86-9350a49c6d04
356,player0356,#3270,2026-01-30,03621f52-342b-cf4e-4f86-9350a49c6d04
357,player0357,#3921,2025-07-25,03621f52-342b-cf4e-4f86-9350a49c6d04
358,player0358,#2445,2025-11-06,03621f52-342b-cf4e-4f86-9350a49c6d04
359,player0359,#3258,2025-09-15,03621f52-342b-cf4e-4f86-9350a49c6d04
360,player0360,#9189,2025-12-16,03621f52-342b-cf4e-4f86-9350a49c6d04
361,player0361,#6349,2025-08-15,03621f52-342b-cf4e-4f86-9350a49c6d04
362,player0362,#2889,2026-01-05,03621f52-342b-cf4e-4f86-9350a49c6d04
363,player0363,#6466,2025-02-01,03621f52-342b-cf4e-4f86-9350a49c6d04
364,player0364,#1997,2025-12-02,03621f52-342b-cf4e-4f86-9350a49c6d04
365,player0365,#7598,2025-04-04,03621f52-342b-cf4e-4f86-9350a49c6d04
366,player0366,#1675,2025-10-24,03621f52-342b-cf4e-4f86-9350a49c6d04
367,player0367,#8329,2025-08-17,03621f52-342b-cf4e-4f86-9350a49c6d04
368,player0368,#1809,2025-01-06,03621f52-342b-cf4e-4f86-9350a49c6d04
369,player0369,#9467,2025-03-03,03621f52-342b-cf4e-4f86-9350a49c6d04
370,player0370,#1027,2025-09-05,03621f52-342b-cf4e-4f86-9350a49c6d04
371,player0371,#2347,2025-09-16,03621f52-342b-cf4e-4f86-9350a49c6d04
372,player0372,#9902,2025-12-14,03621f52-342b-cf4e-4f86-9350a49c6d04
373,player0373,#1149,2025-03-01,03621f52-342b-cf4e-4f86-9350a49c6d04
374,player0374,#6554,2025-06-14,03621f52-342b-cf4e-4f86-9350a49c6d04
375,player0375,#4838,2025-07-05,03621f52-342b-cf4e-4f86-9350a49c6d04
376,player0376,#3683,2025-06-11,03621f52-342b-cf4e-4f86-9350a49c6d04
377,player0377,#0205,2025-11-27,03621f52-342b-cf4e-4f86-9350a49c6d04
378,player0378,#3729,2025-03-21,03621f52-342b-cf4e-4f86-9350a49c6d04
379,player0379,#8332,2025-08-12,03621f52-342b-cf4e-4f86-9350a49c6d04
380,player0380,#6581,2025-12-09,03621f52-342b-cf4e-4f86-9350a49c6d04
381,player0381,#4303,2025-09-27,03621f52-342b-cf4e-4f86-9350a49c6d04
382,player0382,#7624,2025-07-07,03621f52-342b-cf4e-4f86-9350a49c6d04
383,player0383,#8596,2025-10-07,03621f52-342b-cf4e-4f86-9350a49c6d04
384,player0384,#8009,2025-06-07,03621f52-342b-cf4e-4f86-9350a49c6d04
385,player0385,#4123,2025-06-13,03621f52-342b-cf4e-4f86-9350a49c6d04
386,player0386,#4166,2025-01-11,03621f52-342b-cf4e-4f86-9350a49c6d04
387,player0387,#2055,2025-07-24,03621f52-342b-cf4e-4f86-9350a49c6d04
388,player0388,#4537,2025-05-16,03621f52-342b-cf4e-4f86-9350a49c6d04
389,player0389,#5891,2025-02-15,03621f52-342b-cf4e-4f86-9350a49c6d04
390,player0390,#4087,2025-02-05,03621f52-342b-cf4e-4f86-9350a49c6d04
391,player0391,#4632,2025-05-17,03621f52-342b-cf4e-4f86-9350a49c6d04
392,player0392,#3034,2025-12-17,03621f52-342b-cf4e-4f86-9350a49c6d04
393,player0393,#0687,2025-12-15,03621f52-342b-cf4e-4f86-9350a49c6d04
394,player0394,#2236,2025-08-02,03621f52-342b-cf4e-4f86-9350a49c6d04
395,player0395,#1905,2025-11-18,03621f52-342b-cf4e-4f86-9350a49c6d04
396,player0396,#7004,2025-04-28,03621f52-342b-cf4e-4f86-9350a49c6d04
397,player0397,#8548,2025-10-28,03621f52-342b-cf4e-4f86-9350a49c6d04
398,player0398,#6470,2025-05-10,03621f52-342b-cf4e-4f86-9350a49c6d04
399,player0399,#8642,2025-12-31,03621f52-342b-cf4e-4f86-9350a49c6d04
400,player0400,#8513,2025-05-26,03621f52-342b-cf4e-4f86-9350a49c6d04
401,player0401,#2633,2026-01-23,03621f52-342b-cf4e-4f86-9350a49c6d04
402,player0402,#1887,2025-12-30,03621f52-342b-cf4e-4f86-9350a49c6d04
403,player0403,#0554,2025-03-14,03621f52-342b-cf4e-4f86-9350a49c6d04
404,player0404,#5560,2025-05-09,03621f52-342b-cf4e-4f86-9350a49c6d04
405,player0405,#2607,2025-03-29,03621f52-342b-cf4e-4f86-9350a49c6d04
406,player0406,#5804,2025-07-30,03621f52-342b-cf4e-4f86-9350a49c6d04
407,player0407,#6348,2025-11-27,03621f52-342b-cf4e-4f86-9350a49c6d04
408,player0408,#1969,2025-12-07,03621f52-342b-cf4e-4f86-9350a49c6d04
409,player0409,#3753,2025-06-27,03621f52-342b-cf4e-4f86-9350a49c6d04
410,player0410,#1800,2025-05-04,03621f52-342b-cf4e-4f86-9350a49c6d04
411,player0411,#8880,2025-06-15,03621f52-342b-cf4e-4f86-9350a49c6d04
412,player0412,#5707,2025-11-09,03621f52-342b-cf4e-4f86-9350a49c6d04
413,player0413,#4874,2026-01-05,03621f52-342b-cf4e-4f86-9350a49c6d04
414,player0414,#9908,2025-02-14,03621f52-342b-cf4e-4f86-9350a49c6d04
415,player0415,#0785,2025-01-21,03621f52-342b-cf4e-4f86-9350a49c6d04
416,player0416,#9617,2025-04-03,03621f52-342b-cf4e-4f86-9350a49c6d04
417,player0417,#4366,2025-09-14,03621f52-342b-cf4e-4f86-9350a49c6d04
418,player0418,#3628,2025-07-26,03621f52-342b-cf4e-4f86-9350a49c6d04
419,player0419,#5718,2025-05-28,03621f52-342b-cf4e-4f86-9350a49c6d04
420,player0420,#2165,2025-09-27,03621f52-342b-cf4e-4f86-9350a49c6d04
421,player0421,#2908,2025-07-25,03621f52-342b-cf4e-4f86-9350a49c6d04
422,player0422,#8325,2025-09-29,03621f52-342b-cf4e-4f86-9350a49c6d04
423,player0423,#5333,2025-04-11,03621f52-342b-cf4e-4f86-9350a49c6d04
424,player0424,#8902,2025-09-25,03621f52-342b-cf4e-4f86-9350a49c6d04
425,player0425,#5766,2026-01-25,03621f52-342b-cf4e-4f86-9350a49c6d04
426,player0426,#4199,2025-10-04,03621f52-342b-cf4e-4f86-9350a49c6d04
427,player0427,#8909,2025-03-05,03621f52-342b-cf4e-4f86-9350a49c6d04
428,player0428,#7309,2025-03-24,03621f52-342b-cf4e-4f86-9350a49c6d04
429,player0429,#8301,2025-10-28,03621f52-342b-cf4e-4f86-9350a49c6d04
430,player0430,#7311,2025-11-23,03621f52-342b-cf4e-4f86-9350a49c6d04
431,player0431,#7182,2025-04-13,03621f52-342b-cf4e-4f86-9350a49c6d04
432,player0432,#4492,2025-09-23,03621f52-342b-cf4e-4f86-9350a49c6d04
433,player0433,#1896,2026-01-31,03621f52-342b-cf4e-4f86-9350a49c6d04
434,player0434,#0597,2025-03-11,03621f52-342b-cf4e-4f86-9350a49c6d04
435,player0435,#8047,2025-08-10,03621f52-342b-cf4e-4f86-9350a49c6d04
436,player0436,#9574,2025-04-23,03621f52-342b-cf4e-4f86-9350a49c6d04
437,player0437,#5274,2025-12-15,03621f52-342b-cf4e-4f86-9350a49c6d04
438,player0438,#3184,2025-03-07,03621f52-342b-cf4e-4f86-9350a49c6d04
439,player0439,#6631,2025-07-02,03621f52-342b-cf4e-4f86-9350a49c6d04
440,player0440,#7896,2025-05-20,03621f52-342b-cf4e-4f86-9350a49c6d04
441,player0441,#3443,2025-03-30,03621f52-342b-cf4e-4f86-9350a49c6d04
442,player0442,#0100,2025-09-09,03621f52-342b-cf4e-4f86-9350a49c6d04
443,player0443,#7636,2025-04-01,03621f52-342b-cf4e-4f86-9350a49c6d04
444,player0444,#0664,2026-01-17,03621f52-342b-cf4e-4f86-9350a49c6d04
445,player0445,#0847,2025-08-24,03621f52-342b-cf4e-4f86-9350a49c6d04
446,player0446,#1386,2025-04-14,03621f52-342b-cf4e-4f86-9350a49c6d04
447,player0447,#7656,2025-06-22,03621f52-342b-cf4e-4f86-9350a49c6d04
448,player0448,#2398,2025-04-05,03621f52-342b-cf4e-4f86-9350a49c6d04
449,player0449,#7763,2025-02-28,03621f52-342b-cf4e-4f86-9350a49c6d04
450,player0450,#0829,2025-07-23,03621f52-342b-cf4e-4f86-9350a49c6d04
451,player0451,#4608,2025-09-20,03621f52-342b-cf4e-4f86-9350a49c6d04
452,player0452,#9734,2025-05-24,03621f52-342b-cf4e-4f86-9350a49c6d04
453,player0453,#2808,2025-07-12,03621f52-342b-cf4e-4f86-9350a49c6d04
454,player0454,#2811,2025-04-29,03621f52-342b-cf4e-4f86-9350a49c6d04
455,player0455,#2289,2025-04-15,03621f52-342b-cf4e-4f86-9350a49c6d04
456,player0456,#8401,2025-07-29,03621f52-342b-cf4e-4f86-9350a49c6d04
457,player0457,#1083,2025-12-29,03621f52-342b-cf4e-4f86-9350a49c6d04
458,player0458,#3128,2025-03-17,03621f52-342b-cf4e-4f86-9350a49c6d04
459,player0459,#9495,2025-02-06,03621f52-342b-cf4e-4f86-9350a49c6d04
460,player0460,#6685,2025-01-09,03621f52-342b-cf4e-4f86-9350a49c6d04
461,player0461,#9767,2025-12-01,03621f52-342b-cf4e-4f86-9350a49c6d04
462,player0462,#9845,2025-05-14,03621f52-342b-cf4e-4f86-9350a49c6d04
463,player0463,#1620,2026-01-27,03621f52-342b-cf4e-4f86-9350a49c6d04
464,player0464,#1743,2025-12-03,03621f52-342b-cf4e-4f86-9350a49c6d04
465,player0465,#8014,2026-01-26,03621f52-342b-cf4e-4f86-9350a49c6d04
466,player0466,#2280,2025-07-17,03621f52-342b-cf4e-4f86-9350a49c6d04
467,player0467,#9897,2026-01-30,03621f52-342b-cf4e-4f86-9350a49c6d04
468,player0468,#0319,2025-03-07,03621f52-342b-cf4e-4f86-9350a49c6d04
469,player0469,#8320,2025-04-14,03621f52-342b-cf4e-4f86-9350a49c6d04
470,player0470,#3478,2025-02-09,03621f52-342b-cf4e-4f86-9350a49c6d04
471,player0471,#3551,2025-12-30,03621f52-342b-cf4e-4f86-9350a49c6d04
472,player0472,#0217,2025-02-06,03621f52-342b-cf4e-4f86-9350a49c6d04
473,player0473,#3501,2025-12-05,03621f52-342b-cf4e-4f86-9350a49c6d04
474,player0474,#7342,2026-01-01,03621f52-342b-cf4e-4f86-9350a49c6d04
475,player0475,#0812,2025-03-31,03621f52-342b-cf4e-4f86-9350a49c6d04
476,player0476,#7655,2025-09-22,03621f52-342b-cf4e-4f86-9350a49c6d04
477,player0477,#0542,2025-12-25,03621f52-342b-cf4e-4f86-9350a49c6d04
478,player0478,#2460,2025-07-17,03621f52-342b-cf4e-4f86-9350a49c6d04
479,player0479,#8293,2026-01-16,03621f52-342b-cf4e-4f86-9350a49c6d04
480,player0480,#9734,2025-12-04,03621f52-342b-cf4e-4f86-9350a49c6d04
481,player0481,#3409,2025-04-08,03621f52-342b-cf4e-4f86-9350a49c6d04
482,player0482,#8328,2025-01-16,03621f52-342b-cf4e-4f86-9350a49c6d04
483,player0483,#3303,2025-12-26,03621f52-342b-cf4e-4f86-9350a49c6d04
484,player0484,#5931,2025-09-30,03621f52-342b-cf4e-4f86-9350a49c6d04
485,player0485,#9279,2025-05-04,03621f52-342b-cf4e-4f86-9350a49c6d04
486,player0486,#3674,2025-10-31,03621f52-342b-cf4e-4f86-9350a49c6d04
487,player0487,#3016,2025-08-10,03621f52-342b-cf4e-4f86-9350a49c6d04
488,player0488,#4289,2025-10-02,03621f52-342b-cf4e-4f86-9350a49c6d04
489,player0489,#0424,2025-06-08,03621f52-342b-cf4e-4f86-9350a49c6d04
490,player0490,#3925,2025-08-03,03621f52-342b-cf4e-4f86-9350a49c6d04
491,player0491,#2286,2025-04-15,03621f52-342b-cf4e-4f86-9350a49c6d04
492,player0492,#7315,2025-09-27,03621f52-342b-cf4e-4f86-9350a49c6d04
493,player0493,#2295,2025-01-29,03621f52-342b-cf4e-4f86-9350a49c6d04
494,player0494,#1181,2025-05-15,03621f52-342b-cf4e-4f86-9350a49c6d04
495,player0495,#0472,2025-03-29,03621f52-342b-cf4e-4f86-9350a49c6d04
496,player0496,#3540,2025-05-26,03621f52-342b-cf4e-4f86-9350a49c6d04
497,player0497,#6258,2025-11-10,03621f52-342b-cf4e-4f86-9350a49c6d04
498,player0498,#7685,2025-09-24,03621f52-342b-cf4e-4f86-9350a49c6d04
499,player0499,#6610,2025-02-16,03621f52-342b-cf4e-4f86-9350a49c6d04
500,player0500,#5599,2025-03-14,03621f52-342b-cf4e-4f86-9350a49c6d04
501,player0501,#9626,2025-06-03,03621f52-342b-cf4e-4f86-9350a49c6d04
502,player0502,#4419,2025-03-15,03621f52-342b-cf4e-4f86-9350a49c6d04
503,player0503,#8634,2025-02-24,03621f52-342b-cf4e-4f86-9350a49c6d04
504,player0504,#2797,2025-08-20,03621f52-342b-cf4e-4f86-9350a49c6d04
505,player0505,#1268,2025-01-24,03621f52-342b-cf4e-4f86-9350a49c6d04
506,player0506,#7103,2025-06-15,03621f52-342b-cf4e-4f86-9350a49c6d04
507,player0507,#7247,2025-10-06,03621f52-342b-cf4e-4f86-9350a49c6d04
508,player0508,#2117,2025-10-26,03621f52-342b-cf4e-4f86-9350a49c6d04
509,player0509,#1009,2025-12-15,03621f52-342b-cf4e-4f86-9350a49c6d04
510,player0510,#1930,2025-03-29,03621f52-342b-cf4e-4f86-9350a49c6d04
511,player0511,#2641,2025-02-28,03621f52-342b-cf4e-4f86-9350a49c6d04
512,player0512,#5818,2025-09-26,03621f52-342b-cf4e-4f86-9350a49c6d04
513,player0513,#3647,2025-05-08,03621f52-342b-cf4e-4f86-9350a49c6d04
514,player0514,#9677,2025-11-27,03621f52-342b-cf4e-4f86-9350a49c6d04
515,player0515,#0687,2025-03-05,03621f52-342b-cf4e-4f86-9350a49c6d04
516,player0516,#5738,2025-10-30,03621f52-342b-cf4e-4f86-9350a49c6d04
517,player0517,#2297,2025-06-23,03621f52-342b-cf4e-4f86-9350a49c6d04
518,player0518,#6325,2025-03-09,03621f52-342b-cf4e-4f86-9350a49c6d04
519,player0519,#4815,2025-08-12,03621f52-342b-cf4e-4f86-9350a49c6d04
520,player0520,#5237,2025-12-12,03621f52-342b-cf4e-4f86-9350a49c6d04
521,player0521,#7668,2025-06-11,03621f52-342b-cf4e-4f86-9350a49c6d04
522,player0522,#5742,2025-09-06,03621f52-342b-cf4e-4f86-9350a49c6d04
523,player0523,#5178,2025-05-07,03621f52-342b-cf4e-4f86-9350a49c6d04
524,player0524,#0290,2025-03-31,03621f52-342b-cf4e-4f86-9350a49c6d04
525,player0525,#4055,2025-04-03,03621f52-342b-cf4e-4f86-9350a49c6d04
526,player0526,#0520,2025-07-14,03621f52-342b-cf4e-4f86-9350a49c6d04
527,player0527,#4929,2025-12-18,03621f52-342b-cf4e-4f86-9350a49c6d04
528,player0528,#4572,2026-01-02,03621f52-342b-cf4e-4f86-9350a49c6d04
529,player0529,#1573,2025-06-16,03621f52-342b-cf4e-4f86-9350a49c6d04
530,player0530,#5296,2025-09-02,03621f52-342b-cf4e-4f86-9350a49c6d04
531,player0531,#5702,2025-07-10,03621f52-342b-cf4e-4f86-9350a49c6d04
532,player0532,#0161,2025-10-07,03621f52-342b-cf4e-4f86-9350a49c6d04
533,player0533,#1669,2025-11-29,03621f52-342b-cf4e-4f86-9350a49c6d04
534,player0534,#6751,2025-03-26,03621f52-342b-cf4e-4f86-9350a49c6d04
535,player0535,#1556,2025-09-25,03621f52-342b-cf4e-4f86-9350a49c6d04
536,player0536,#9972,2025-11-24,03621f52-342b-cf4e-4f86-9350a49c6d04
537,player0537,#9598,2025-09-07,03621f52-342b-cf4e-4f86-9350a49c6d04
538,player0538,#2223,2025-02-20,03621f52-342b-cf4e-4f86-9350a49c6d04
539,player0539,#0496,2025-01-10,03621f52-342b-cf4e-4f86-9350a49c6d04
540,player0540,#5393,2025-01-18,03621f52-342b-cf4e-4f86-9350a49c6d04
541,player0541,#3524,2025-11-06,03621f52-342b-cf4e-4f86-9350a49c6d04
542,player0542,#3289,2025-11-08,03621f52-342b-cf4e-4f86-9350a49c6d04
543,player0543,#4321,2025-03-17,03621f52-342b-cf4e-4f86-9350a49c6d04
544,player0544,#8061,2026-01-07,03621f52-342b-cf4e-4f86-9350a49c6d04
545,player0545,#1072,2025-05-31,03621f52-342b-cf4e-4f86-9350a49c6d04
546,player0546,#8102,2025-01-07,03621f52-342b-cf4e-4f86-9350a49c6d04
547,player0547,#8519,2025-06-11,03621f52-342b-cf4e-4f86-9350a49c6d04
548,player0548,#1462,2025-11-30,03621f52-342b-cf4e-4f86-9350a49c6d04
549,player0549,#4243,2025-10-24,03621f52-342b-cf4e-4f86-9350a49c6d04
550,player0550,#1259,2025-06-09,03621f52-342b-cf4e-4f86-9350a49c6d04
551,player0551,#6610,2026-01-28,03621f52-342b-cf4e-4f86-9350a49c6d04
552,player0552,#3457,2025-01-26,03621f52-342b-cf4e-4f86-9350a49c6d04
553,player0553,#9907,2025-04-09,03621f52-342b-cf4e-4f86-9350a49c6d04
554,player0554,#1077,2025-06-14,03621f52-342b-cf4e-4f86-9350a49c6d04
555,player0555,#8377,2025-04-13,03621f52-342b-cf4e-4f86-9350a49c6d04
556,player0556,#4955,2025-05-14,03621f52-342b-cf4e-4f86-9350a49c6d04
557,player0557,#1075,2025-05-10,03621f52-342b-cf4e-4f86-9350a49c6d04
558,player0558,#0212,2025-07-14,03621f52-342b-cf4e-4f86-9350a49c6d04
559,player0559,#4772,2025-03-25,03621f52-342b-cf4e-4f86-9350a49c6d04
560,player0560,#4303,2025-04-05,03621f52-342b-cf4e-4f86-9350a49c6d04
561,player0561,#6180,2025-05-18,03621f52-342b-cf4e-4f86-9350a49c6d04
562,player0562,#5187,2025-06-01,03621f52-342b-cf4e-4f86-9350a49c6d04
563,player0563,#6628,2025-08-08,03621f52-342b-cf4e-4f86-9350a49c6d04
564,player0564,#3347,2025-12-19,03621f52-342b-cf4e-4f86-9350a49c6d04
565,player0565,#3602,2025-03-27,03621f52-342b-cf4e-4f86-9350a49c6d04
566,player0566,#7835,2026-01-26,03621f52-342b-cf4e-4f86-9350a49c6d04
567,player0567,#1437,2026-01-20,03621f52-342b-cf4e-4f86-9350a49c6d04
568,player0568,#4366,2025-08-24,03621f52-342b-cf4e-4f86-9350a49c6d04
569,player0569,#1186,2025-09-22,03621f52-342b-cf4e-4f86-9350a49c6d04
570,player0570,#4210,2025-11-25,03621f52-342b-cf4e-4f86-9350a49c6d04
571,player0571,#5017,2025-06-11,03621f52-342b-cf4e-4f86-9350a49c6d04
572,player0572,#4732,2025-06-05,03621f52-342b-cf4e-4f86-9350a49c6d04
573,player0573,#3786,2025-06-21,03621f52-342b-cf4e-4f86-9350a49c6d04
574,player0574,#8893,2025-12-24,03621f52-342b-cf4e-4f86-9350a49c6d04
575,player0575,#7306,2025-07-01,03621f52-342b-cf4e-4f86-9350a49c6d04
576,player0576,#8238,2025-04-08,03621f52-342b-cf4e-4f86-9350a49c6d04
577,player0577,#4102,2025-11-04,03621f52-342b-cf4e-4f86-9350a49c6d04
578,player0578,#7946,2025-04-09,03621f52-342b-cf4e-4f86-9350a49c6d04
579,player0579,#2568,2025-07-17,03621f52-342b-cf4e-4f86-9350a49c6d04
580,player0580,#2009,2025-11-20,03621f52-342b-cf4e-4f86-9350a49c6d04
581,player0581,#2328,2025-01-27,03621f52-342b-cf4e-4f86-9350a49c6d04
582,player0582,#9568,2025-04-07,03621f52-342b-cf4e-4f86-9350a49c6d04
583,player0583,#3865,2026-01-31,03621f52-342b-cf4e-4f86-9350a49c6d04
584,player0584,#3330,2025-07-01,03621f52-342b-cf4e-4f86-9350a49c6d04
585,player0585,#1136,2025-12-10,03621f52-342b-cf4e-4f86-9350a49c6d04
586,player0586,#2277,2025-04-22,03621f52-342b-cf4e-4f86-9350a49c6d04
587,player0587,#3186,2025-10-26,03621f52-342b-cf4e-4f86-9350a49c6d04
588,player0588,#3428,2025-06-06,03621f52-342b-cf4e-4f86-9350a49c6d04
589,player0589,#0285,2025-10-20,03621f52-342b-cf4e-4f86-9350a49c6d04
590,player0590,#4312,2025-12-20,03621f52-342b-cf4e-4f86-9350a49c6d04
591,player0591,#5877,2025-07-06,03621f52-342b-cf4e-4f86-9350a49c6d04
592,player0592,#0177,2025-12-30,03621f52-342b-cf4e-4f86-9350a49c6d04
593,player0593,#5531,2025-06-18,03621f52-342b-cf4e-4f86-9350a49c6d04
594,player0594,#9892,2025-01-05,03621f52-342b-cf4e-4f86-9350a49c6d04
595,player0595,#8919,2025-07-24,03621f52-342b-cf4e-4f86-9350a49c6d04
596,player0596,#0182,2026-01-21,03621f52-342b-cf4e-4f86-9350a49c6d04
597,player0597,#9316,2025-08-23,03621f52-342b-cf4e-4f86-9350a49c6d04
598,player0598,#4668,2025-02-24,03621f52-342b-cf4e-4f86-9350a49c6d04
599,player0599,#4306,2025-01-12,03621f52-342b-cf4e-4f86-9350a49c6d04
600,player0600,#3183,2025-03-03,03621f52-342b-cf4e-4f86-9350a49c6d04
601,player0601,#3851,2025-03-04,03621f52-342b-cf4e-4f86-9350a49c6d04
602,player0602,#5620,2025-10-21,03621f52-342b-cf4e-4f86-9350a49c6d04
603,player0603,#7535,2025-09-02,03621f52-342b-cf4e-4f86-9350a49c6d04
604,player0604,#3893,2025-09-25,03621f52-342b-cf4e-4f86-9350a49c6d04
605,player0605,#0000,2025-02-23,03621f52-342b-cf4e-4f86-9350a49c6d04
606,player0606,#7561,2025-11-12,03621f52-342b-cf4e-4f86-9350a49c6d04
607,player0607,#5463,2025-01-26,03621f52-342b-cf4e-4f86-9350a49c6d04
608,player0608,#4921,2025-05-04,03621f52-342b-cf4e-4f86-9350a49c6d04
609,player0609,#0269,2025-12-17,03621f52-342b-cf4e-4f86-9350a49c6d04
610,player0610,#4970,2025-12-23,03621f52-342b-cf4e-4f86-9350a49c6d04
611,player0611,#6784,2025-07-14,03621f52-342b-cf4e-4f86-9350a49c6d04
612,player0612,#2574,2025-10-25,03621f52-342b-cf4e-4f86-9350a49c6d04
613,player0613,#3844,2025-01-24,03621f52-342b-cf4e-4f86-9350a49c6d04
614,player0614,#5489,2025-06-01,03621f52-342b-cf4e-4f86-9350a49c6d04
615,player0615,#1023,2026-01-18,03621f52-342b-cf4e-4f86-9350a49c6d04
616,player0616,#8866,2025-11-09,03621f52-342b-cf4e-4f86-9350a49c6d04
617,player0617,#4325,2025-03-10,03621f52-342b-cf4e-4f86-9350a49c6d04
618,player0618,#8715,2025-03-18,03621f52-342b-cf4e-4f86-9350a49c6d04
619,player0619,#8071,2025-05-07,03621f52-342b-cf4e-4f86-9350a49c6d04
620,player0620,#4945,2026-01-16,03621f52-342b-cf4e-4f86-9350a49c6d04
621,player0621,#7957,2025-10-20,03621f52-342b-cf4e-4f86-9350a49c6d04
622,player0622,#0357,2025-05-16,03621f52-342b-cf4e-4f86-9350a49c6d04
623,player0623,#0028,2025-04-17,03621f52-342b-cf4e-4f86-9350a49c6d04
624,player0624,#8420,2025-06-23,03621f52-342b-cf4e-4f86-9350a49c6d04
625,player0625,#1967,2025-08-17,03621f52-342b-cf4e-4f86-9350a49c6d04
626,player0626,#1146,2025-07-31,03621f52-342b-cf4e-4f86-9350a49c6d04
627,player0627,#7829,2026-01-05,03621f52-342b-cf4e-4f86-9350a49c6d04
628,player0628,#2808,2025-01-31,03621f52-342b-cf4e-4f86-9350a49c6d04
629,player0629,#9323,2025-03-23,03621f52-342b-cf4e-4f86-9350a49c6d04
630,player0630,#8597,2025-07-25,03621f52-342b-cf4e-4f86-9350a49c6d04
631,player0631,#4399,2025-09-22,03621f52-342b-cf4e-4f86-9350a49c6d04
632,player0632,#8132,2025-07-27,03621f52-342b-cf4e-4f86-9350a49c6d04
633,player0633,#8895,2025-08-31,03621f52-342b-cf4e-4f86-9350a49c6d04
634,player0634,#9725,2025-07-20,03621f52-342b-cf4e-4f86-9350a49c6d04
635,player0635,#6217,2026-02-01,03621f52-342b-cf4e-4f86-9350a49c6d04
636,player0636,#6080,2025-11-08,03621f52-342b-cf4e-4f86-9350a49c6d04
637,player0637,#2832,2025-11-16,03621f52-342b-cf4e-4f86-9350a49c6d04
638,player0638,#5554,2025-06-07,03621f52-342b-cf4e-4f86-9350a49c6d04
639,player0639,#0310,2025-08-08,03621f52-342b-cf4e-4f86-9350a49c6d04
640,player0640,#4938,2025-11-17,03621f52-342b-cf4e-4f86-9350a49c6d04
641,player0641,#7762,2025-10-15,03621f52-342b-cf4e-4f86-9350a49c6d04
642,player0642,#7260,2025-10-13,03621f52-342b-cf4e-4f86-9350a49c6d04
643,player0643,#0587,2025-01-22,03621f52-342b-cf4e-4f86-9350a49c6d04
644,player0644,#3903,2025-10-21,03621f52-342b-cf4e-4f86-9350a49c6d04
645,player0645,#7897,2025-01-20,03621f52-342b-cf4e-4f86-9350a49c6d04
646,player0646,#9465,2025-09-29,03621f52-342b-cf4e-4f86-9350a49c6d04
647,player0647,#4444,2025-02-18,03621f52-342b-cf4e-4f86-9350a49c6d04
648,player0648,#7703,2025-06-11,03621f52-342b-cf4e-4f86-9350a49c6d04
649,player0649,#5735,2025-04-19,03621f52-342b-cf4e-4f86-9350a49c6d04
650,player0650,#9070,2025-04-26,03621f52-342b-cf4e-4f86-9350a49c6d04
651,player0651,#2060,2025-09-15,03621f52-342b-cf4e-4f86-9350a49c6d04
652,player0652,#2171,2025-04-15,03621f52-342b-cf4e-4f86-9350a49c6d04
653,player0653,#1565,2025-01-22,03621f52-342b-cf4e-4f86-9350a49c6d04
654,player0654,#2448,2025-09-22,03621f52-342b-cf4e-4f86-9350a49c6d04
655,player0655,#7696,2025-08-21,03621f52-342b-cf4e-4f86-9350a49c6d04
656,player0656,#0006,2025-02-01,03621f52-342b-cf4e-4f86-9350a49c6d04
657,player0657,#1232,2025-11-17,03621f52-342b-cf4e-4f86-9350a49c6d04
658,player0658,#1214,2025-06-03,03621f52-342b-cf4e-4f86-9350a49c6d04
659,player0659,#7905,2026-01-07,03621f52-342b-cf4e-4f86-9350a49c6d04
660,player0660,#0804,2025-07-28,03621f52-342b-cf4e-4f86-9350a49c6d04
661,player0661,#5529,2025-05-15,03621f52-342b-cf4e-4f86-9350a49c6d04
662,player0662,#8427,2025-08-28,03621f52-342b-cf4e-4f86-9350a49c6d04
663,player0663,#9397,2025-02-25,03621f52-342b-cf4e-4f86-9350a49c6d04
664,player0664,#5076,2025-04-15,03621f52-342b-cf4e-4f86-9350a49c6d04
665,player0665,#4757,2025-01-30,03621f52-342b-cf4e-4f86-9350a49c6d04
666,player0666,#1574,2025-03-12,03621f52-342b-cf4e-4f86-9350a49c6d04
667,player0667,#5884,2025-11-21,03621f52-342b-cf4e-4f86-9350a49c6d04
668,player0668,#2975,2025-10-29,03621f52-342b-cf4e-4f86-9350a49c6d04
669,player0669,#5250,2025-10-16,03621f52-342b-cf4e-4f86-9350a49c6d04
670,player0670,#5890,2025-04-13,03621f52-342b-cf4e-4f86-9350a49c6d04
671,player0671,#3148,2025-11-10,03621f52-342b-cf4e-4f86-9350a49c6d04
672,player0672,#0226,2025-02-27,03621f52-342b-cf4e-4f86-9350a49c6d04
673,player0673,#5270,2025-03-04,03621f52-342b-cf4e-4f86-9350a49c6d04
674,player0674,#3077,2025-07-26,03621f52-342b-cf4e-4f86-9350a49c6d04
675,player0675,#7906,2025-04-19,03621f52-342b-cf4e-4f86-9350a49c6d04
676,player0676,#5835,2025-06-30,03621f52-342b-cf4e-4f86-9350a49c6d04
677,player0677,#7240,2025-06-08,03621f52-342b-cf4e-4f86-9350a49c6d04
678,player0678,#2151,2025-09-15,03621f52-342b-cf4e-4f86-9350a49c6d04
679,player0679,#2956,2026-01-25,03621f52-342b-cf4e-4f86-9350a49c6d04
680,player0680,#0361,2025-02-07,03621f52-342b-cf4e-4f86-9350a49c6d04
681,player0681,#0596,2025-10-30,03621f52-342b-cf4e-4f86-9350a49c6d04
682,player0682,#5424,2025-12-12,03621f52-342b-cf4e-4f86-9350a49c6d04
683,player0683,#2215,2025-11-08,03621f52-342b-cf4e-4f86-9350a49c6d04
684,player0684,#2984,2025-06-08,03621f52-342b-cf4e-4f86-9350a49c6d04
685,player0685,#6894,2025-11-24,03621f52-342b-cf4e-4f86-9350a49c6d04
686,player0686,#4701,2025-08-20,03621f52-342b-cf4e-4f86-9350a49c6d04
687,player0687,#4677,2025-02-17,03621f52-342b-cf4e-4f86-9350a49c6d04
688,player0688,#7198,2025-05-04,03621f52-342b-cf4e-4f86-9350a49c6d04
689,player0689,#2116,2025-10-24,03621f52-342b-cf4e-4f86-9350a49c6d04
690,player0690,#4058,2025-03-18,03621f52-342b-cf4e-4f86-9350a49c6d04
691,player0691,#9513,2025-02-24,03621f52-342b-cf4e-4f86-9350a49c6d04
692,player0692,#1611,2025-07-07,03621f52-342b-cf4e-4f86-9350a49c6d04
693,player0693,#2123,2025-12-28,03621f52-342b-cf4e-4f86-9350a49c6d04
694,player0694,#7736,2025-02-16,03621f52-342b-cf4e-4f86-9350a49c6d04
695,player0695,#3898,2025-09-30,03621f52-342b-cf4e-4f86-9350a49c6d04
696,player0696,#4015,2025-06-03,03621f52-342b-cf4e-4f86-9350a49c6d04
697,player0697,#8916,2025-07-09,03621f52-342b-cf4e-4f86-9350a49c6d04
698,player0698,#3135,2025-02-03,03621f52-342b-cf4e-4f86-9350a49c6d04
699,player0699,#5422,2025-04-13,03621f52-342b-cf4e-4f86-9350a49c6d04
700,player0700,#6291,2025-08-05,03621f52-342b-cf4e-4f86-9350a49c6d04
701,player0701,#5774,2025-01-20,03621f52-342b-cf4e-4f86-9350a49c6d04
702,player0702,#8858,2025-10-25,03621f52-342b-cf4e-4f86-9350a49c6d04
703,player0703,#9503,2025-11-26,03621f52-342b-cf4e-4f86-9350a49c6d04
704,player0704,#9817,2025-05-06,03621f52-342b-cf4e-4f86-9350a49c6d04
705,player0705,#2015,2025-03-20,03621f52-342b-cf4e-4f86-9350a49c6d04
706,player0706,#9677,2026-01-23,03621f52-342b-cf4e-4f86-9350a49c6d04
707,player0707,#2705,2025-05-11,03621f52-342b-cf4e-4f86-9350a49c6d04
708,player0708,#7853,2026-01-18,03621f52-342b-cf4e-4f86-9350a49c6d04
709,player0709,#4522,2025-09-14,03621f52-342b-cf4e-4f86-9350a49c6d04
710,player0710,#5600,2025-06-16,03621f52-342b-cf4e-4f86-9350a49c6d04
711,player0711,#9270,2025-05-25,03621f52-342b-cf4e-4f86-9350a49c6d04
712,player0712,#6406,2025-07-14,03621f52-342b-cf4e-4f86-9350a49c6d04
713,player0713,#1992,2025-01-28,03621f52-342b-cf4e-4f86-9350a49c6d04
714,player0714,#1061,2025-10-01,03621f52-342b-cf4e-4f86-9350a49c6d04
715,player0715,#8632,2026-01-04,03621f52-342b-cf4e-4f86-9350a49c6d04
716,player0716,#9986,2025-07-14,03621f52-342b-cf4e-4f86-9350a49c6d04
717,player0717,#7989,2025-03-11,03621f52-342b-cf4e-4f86-9350a49c6d04
718,player0718,#3657,2025-12-17,03621f52-342b-cf4e-4f86-9350a49c6d04
719,player0719,#1387,2025-05-03,03621f52-342b-cf4e-4f86-9350a49c6d04
720,player0720,#8214,2025-05-31,03621f52-342b-cf4e-4f86-9350a49c6d04
721,player0721,#4747,2025-04-22,03621f52-342b-cf4e-4f86-9350a49c6d04
722,player0722,#1461,2025-01-07,03621f52-342b-cf4e-4f86-9350a49c6d04
723,player0723,#2761,2025-09-07,03621f52-342b-cf4e-4f86-9350a49c6d04
724,player0724,#5357,2025-10-14,03621f52-342b-cf4e-4f86-9350a49c6d04
725,player0725,#7820,2025-10-20,03621f52-342b-cf4e-4f86-9350a49c6d04
726,player0726,#0186,2025-01-28,03621f52-342b-cf4e-4f86-9350a49c6d04
727,player0727,#0617,2025-03-27,03621f52-342b-cf4e-4f86-9350a49c6d04
728,player0728,#4399,2025-01-03,03621f52-342b-cf4e-4f86-9350a49c6d04
729,player0729,#2380,2025-08-27,03621f52-342b-cf4e-4f86-9350a49c6d04
730,player0730,#5801,2025-06-12,03621f52-342b-cf4e-4f86-9350a49c6d04
731,player0731,#0673,2025-02-16,03621f52-342b-cf4e-4f86-9350a49c6d04
732,player0732,#9870,2025-12-12,03621f52-342b-cf4e-4f86-9350a49c6d04
733,player0733,#0686,2025-11-12,03621f52-342b-cf4e-4f86-9350a49c6d04
734,player0734,#5389,2025-04-18,03621f52-342b-cf4e-4f86-9350a49c6d04
735,player0735,#2183,2025-11-17,03621f52-342b-cf4e-4f86-9350a49c6d04
736,player0736,#4848,2025-08-18,03621f52-342b-cf4e-4f86-9350a49c6d04
737,player0737,#5744,2025-06-07,03621f52-342b-cf4e-4f86-9350a49c6d04
738,player0738,#0169,2025-12-17,03621f52-342b-cf4e-4f86-9350a49c6d04
739,player0739,#5004,2025-05-16,03621f52-342b-cf4e-4f86-9350a49c6d04
740,player0740,#6972,2025-05-02,03621f52-342b-cf4e-4f86-9350a49c6d04
741,player0741,#1420,2025-10-12,03621f52-342b-cf4e-4f86-9350a49c6d04
742,player0742,#2242,2025-11-15,03621f52-342b-cf4e-4f86-9350a49c6d04
743,player0743,#0364,2025-06-12,03621f52-342b-cf4e-4f86-9350a49c6d04
744,player0744,#6915,2025-07-01,03621f52-342b-cf4e-4f86-9350a49c6d04
745,player0745,#6083,2026-01-19,03621f52-342b-cf4e-4f86-9350a49c6d04
746,player0746,#2565,2025-01-09,03621f52-342b-cf4e-4f86-9350a49c6d04
747,player0747,#3587,2025-04-12,03621f52-342b-cf4e-4f86-9350a49c6d04
748,player0748,#0599,2026-01-28,03621f52-342b-cf4e-4f86-9350a49c6d04
749,player0749,#5127,2025-06-18,03621f52-342b-cf4e-4f86-9350a49c6d04
750,player0750,#4824,2025-01-02,03621f52-342b-cf4e-4f86-9350a49c6d04
751,player0751,#4934,2025-04-06,03621f52-342b-cf4e-4f86-9350a49c6d04
752,player0752,#5434,2025-10-23,03621f52-342b-cf4e-4f86-9350a49c6d04
753,player0753,#6091,2025-03-15,03621f52-342b-cf4e-4f86-9350a49c6d04
754,player0754,#0464,2025-10-09,03621f52-342b-cf4e-4f86-9350a49c6d04
755,player0755,#0104,2025-04-28,03621f52-342b-cf4e-4f86-9350a49c6d04
756,player0756,#3607,2025-05-04,03621f52-342b-cf4e-4f86-9350a49c6d04
757,player0757,#1430,2025-09-18,03621f52-342b-cf4e-4f86-9350a49c6d04
758,player0758,#9785,2025-12-29,03621f52-342b-cf4e-4f86-9350a49c6d04
759,player0759,#5768,2025-12-12,03621f52-342b-cf4e-4f86-9350a49c6d04
760,player0760,#3008,2025-11-16,03621f52-342b-cf4e-4f86-9350a49c6d04
761,player0761,#6543,2026-01-12,03621f52-342b-cf4e-4f86-9350a49c6d04
762,player0762,#5702,2025-03-13,03621f52-342b-cf4e-4f86-9350a49c6d04
763,player0763,#5604,2026-01-08,03621f52-342b-cf4e-4f86-9350a49c6d04
764,player0764,#1587,2025-06-23,03621f52-342b-cf4e-4f86-9350a49c6d04
765,player0765,#1095,2026-01-24,03621f52-342b-cf4e-4f86-9350a49c6d04
766,player0766,#3564,2025-07-17,03621f52-342b-cf4e-4f86-9350a49c6d04
767,player0767,#5097,2025-08-15,03621f52-342b-cf4e-4f86-9350a49c6d04
768,player0768,#9927,2025-03-23,03621f52-342b-cf4e-4f86-9350a49c6d04
769,player0769,#3410,2026-01-16,03621f52-342b-cf4e-4f86-9350a49c6d04
770,player0770,#0851,2025-04-02,03621f52-342b-cf4e-4f86-9350a49c6d04
771,player0771,#0353,2025-07-01,03621f52-342b-cf4e-4f86-9350a49c6d04
772,player0772,#1089,2025-06-23,03621f52-342b-cf4e-4f86-9350a49c6d04
773,player0773,#9207,2025-02-28,03621f52-342b-cf4e-4f86-9350a49c6d04
774,player0774,#9381,2025-12-27,03621f52-342b-cf4e-4f86-9350a49c6d04
775,player0775,#0741,2025-04-14,03621f52-342b-cf4e-4f86-9350a49c6d04
776,player0776,#6545,2025-01-20,03621f52-342b-cf4e-4f86-9350a49c6d04
777,player0777,#0651,2025-03-08,03621f52-342b-cf4e-4f86-9350a49c6d04
778,player0778,#2639,2025-07-25,03621f52-342b-cf4e-4f86-9350a49c6d04
779,player0779,#6419,2025-07-06,03621f52-342b-cf4e-4f86-9350a49c6d04
780,player0780,#6728,2025-08-20,03621f52-342b-cf4e-4f86-9350a49c6d04
781,player0781,#9059,2026-01-13,03621f52-342b-cf4e-4f86-9350a49c6d04
782,player0782,#2266,2025-02-06,03621f52-342b-cf4e-4f86-9350a49c6d04
783,player0783,#4063,2025-11-23,03621f52-342b-cf4e-4f86-9350a49c6d04
784,player0784,#7881,2026-01-30,03621f52-342b-cf4e-4f86-9350a49c6d04
785,player0785,#6013,2025-09-08,03621f52-342b-cf4e-4f86-9350a49c6d04
786,player0786,#9556,2025-10-04,03621f52-342b-cf4e-4f86-9350a49c6d04
787,player0787,#2344,2025-04-13,03621f52-342b-cf4e-4f86-9350a49c6d04
788,player0788,#7847,2025-05-08,03621f52-342b-cf4e-4f86-9350a49c6d04
789,player0789,#3293,2025-08-04,03621f52-342b-cf4e-4f86-9350a49c6d04
790,player0790,#2886,2025-05-28,03621f52-342b-cf4e-4f86-9350a49c6d04
791,player0791,#5648,2025-03-10,03621f52-342b-cf4e-4f86-9350a49c6d04
792,player0792,#3732,2025-02-17,03621f52-342b-cf4e-4f86-9350a49c6d04
793,player0793,#5517,2025-10-04,03621f52-342b-cf4e-4f86-9350a49c6d04
794,player0794,#6129,2025-03-17,03621f52-342b-cf4e-4f86-9350a49c6d04
795,player0795,#1329,2026-01-27,03621f52-342b-cf4e-4f86-9350a49c6d04
796,player0796,#1775,2025-09-15,03621f52-342b-cf4e-4f86-9350a49c6d04
797,player0797,#4171,2025-05-02,03621f52-342b-cf4e-4f86-9350a49c6d04
798,player0798,#6939,2025-11-10,03621f52-342b-cf4e-4f86-9350a49c6d04
799,player0799,#2634,2025-04-04,03621f52-342b-cf4e-4f86-9350a49c6d04
800,player0800,#7967,2025-04-25,03621f52-342b-cf4e-4f86-9350a49c6d04
801,player0801,#4863,2025-04-02,03621f52-342b-cf4e-4f86-9350a49c6d04
802,player0802,#0306,2025-03-13,03621f52-342b-cf4e-4f86-9350a49c6d04
803,player0803,#7020,2025-10-22,03621f52-342b-cf4e-4f86-9350a49c6d04
804,player0804,#2093,2025-06-15,03621f52-342b-cf4e-4f86-9350a49c6d04
805,player0805,#1331,2025-11-14,03621f52-342b-cf4e-4f86-9350a49c6d04
806,player0806,#1761,2025-03-10,03621f52-342b-cf4e-4f86-9350a49c6d04
807,player0807,#2978,2025-12-16,03621f52-342b-cf4e-4f86-9350a49c6d04
808,player0808,#6681,2025-01-15,03621f52-342b-cf4e-4f86-9350a49c6d04
809,player0809,#3279,2025-07-17,03621f52-342b-cf4e-4f86-9350a49c6d04
810,player0810,#5007,2025-12-22,03621f52-342b-cf4e-4f86-9350a49c6d04
811,player0811,#6469,2025-09-03,03621f52-342b-cf4e-4f86-9350a49c6d04
812,player0812,#8273,2026-01-25,03621f52-342b-cf4e-4f86-9350a49c6d04
813,player0813,#7292,2026-01-03,03621f52-342b-cf4e-4f86-9350a49c6d04
814,player0814,#2999,2025-01-02,03621f52-342b-cf4e-4f86-9350a49c6d04
815,player0815,#0582,2025-10-05,03621f52-342b-cf4e-4f86-9350a49c6d04
816,player0816,#7856,2025-05-16,03621f52-342b-cf4e-4f86-9350a49c6d04
817,player0817,#5806,2025-09-29,03621f52-342b-cf4e-4f86-9350a49c6d04
818,player0818,#8057,2025-10-06,03621f52-342b-cf4e-4f86-9350a49c6d04
819,player0819,#8410,2025-05-17,03621f52-342b-cf4e-4f86-9350a49c6d04
820,player0820,#9863,2025-05-12,03621f52-342b-cf4e-4f86-9350a49c6d04
821,player0821,#7624,2025-04-17,03621f52-342b-cf4e-4f86-9350a49c6d04
822,player0822,#7287,2025-04-08,03621f52-342b-cf4e-4f86-9350a49c6d04
823,player0823,#7540,2025-07-22,03621f52-342b-cf4e-4f86-9350a49c6d04
824,player0824,#4772,2025-10-10,03621f52-342b-cf4e-4f86-9350a49c6d04
825,player0825,#9403,2025-05-04,03621f52-342b-cf4e-4f86-9350a49c6d04
826,player0826,#1543,2025-10-14,03621f52-342b-cf4e-4f86-9350a49c6d04
827,player0827,#4070,2026-01-25,03621f52-342b-cf4e-4f86-9350a49c6d04
828,player0828,#4210,2025-04-19,03621f52-342b-cf4e-4f86-9350a49c6d04
829,player0829,#6053,2025-12-15,03621f52-342b-cf4e-4f86-9350a49c6d04
830,player0830,#0261,2025-10-13,03621f52-342b-cf4e-4f86-9350a49c6d04
831,player0831,#1289,2025-04-04,03621f52-342b-cf4e-4f86-9350a49c6d04
832,player0832,#9242,2025-01-10,03621f52-342b-cf4e-4f86-9350a49c6d04
833,player0833,#8100,2025-01-23,03621f52-342b-cf4e-4f86-9350a49c6d04
834,player0834,#3747,2025-01-14,03621f52-342b-cf4e-4f86-9350a49c6d04
835,player0835,#9298,2025-08-31,03621f52-342b-cf4e-4f86-9350a49c6d04
836,player0836,#7662,2026-01-21,03621f52-342b-cf4e-4f86-9350a49c6d04
837,player0837,#6856,2025-10-10,03621f52-342b-cf4e-4f86-9350a49c6d04
838,player0838,#1749,2025-08-17,03621f52-342b-cf4e-4f86-9350a49c6d04
839,player0839,#2980,2025-02-19,03621f52-342b-cf4e-4f86-9350a49c6d04
840,player0840,#4199,2025-01-05,03621f52-342b-cf4e-4f86-9350a49c6d04
841,player0841,#8896,2025-04-18,03621f52-342b-cf4e-4f86-9350a49c6d04
842,player0842,#7156,2025-08-23,03621f52-342b-cf4e-4f86-9350a49c6d04
843,player0843,#9984,2026-01-03,03621f52-342b-cf4e-4f86-9350a49c6d04
844,player0844,#6054,2025-05-11,03621f52-342b-cf4e-4f86-9350a49c6d04
845,player0845,#8931,2025-08-03,03621f52-342b-cf4e-4f86-9350a49c6d04
846,player0846,#2275,2025-06-13,03621f52-342b-cf4e-4f86-9350a49c6d04
847,player0847,#2544,2025-04-06,03621f52-342b-cf4e-4f86-9350a49c6d04
848,player0848,#8532,2025-12-07,03621f52-342b-cf4e-4f86-9350a49c6d04
849,player0849,#6469,2025-12-04,03621f52-342b-cf4e-4f86-9350a49c6d04
850,player0850,#0076,2026-01-30,03621f52-342b-cf4e-4f86-9350a49c6d04
851,player0851,#0393,2025-11-20,03621f52-342b-cf4e-4f86-9350a49c6d04
852,player0852,#2749,2026-01-23,03621f52-342b-cf4e-4f86-9350a49c6d04
853,player0853,#8809,2025-06-24,03621f52-342b-cf4e-4f86-9350a49c6d04
854,player0854,#8364,2025-07-27,03621f52-342b-cf4e-4f86-9350a49c6d04
855,player0855,#5501,2025-05-31,03621f52-342b-cf4e-4f86-9350a49c6d04
856,player0856,#0189,2026-01-27,03621f52-342b-cf4e-4f86-9350a49c6d04
857,player0857,#4461,2025-07-22,03621f52-342b-cf4e-4f86-9350a49c6d04
858,player0858,#9330,2026-01-15,03621f52-342b-cf4e-4f86-9350a49c6d04
859,player0859,#3727,2025-06-13,03621f52-342b-cf4e-4f86-9350a49c6d04
860,player0860,#4150,2025-09-29,03621f52-342b-cf4e-4f86-9350a49c6d04
861,player0861,#6050,2025-09-01,03621f52-342b-cf4e-4f86-9350a49c6d04
862,player0862,#5162,2025-03-06,03621f52-342b-cf4e-4f86-9350a49c6d04
863,player0863,#4759,2025-07-31,03621f52-342b-cf4e-4f86-9350a49c6d04
864,player0864,#0989,2025-03-17,03621f52-342b-cf4e-4f86-9350a49c6d04
865,player0865,#0936,2025-11-26,03621f52-342b-cf4e-4f86-9350a49c6d04
866,player0866,#8221,2025-08-10,03621f52-342b-cf4e-4f86-9350a49c6d04
867,player0867,#1140,2025-03-01,03621f52-342b-cf4e-4f86-9350a49c6d04
868,player0868,#2467,2025-07-07,03621f52-342b-cf4e-4f86-9350a49c6d04
869,player0869,#1967,2025-11-13,03621f52-342b-cf4e-4f86-9350a49c6d04
870,player0870,#3521,2025-07-07,03621f52-342b-cf4e-4f86-9350a49c6d04
871,player0871,#7953,2025-12-04,03621f52-342b-cf4e-4f86-9350a49c6d04
872,player0872,#5516,2025-09-06,03621f52-342b-cf4e-4f86-9350a49c6d04
873,player0873,#9813,2025-03-05,03621f52-342b-cf4e-4f86-9350a49c6d04
874,player0874,#3795,2025-04-27,03621f52-342b-cf4e-4f86-9350a49c6d04
875,player0875,#2241,2025-05-18,03621f52-342b-cf4e-4f86-9350a49c6d04
876,player0876,#9165,2025-04-03,03621f52-342b-cf4e-4f86-9350a49c6d04
877,player0877,#6966,2025-04-01,03621f52-342b-cf4e-4f86-9350a49c6d04
878,player0878,#4935,2025-06-16,03621f52-342b-cf4e-4f86-9350a49c6d04
879,player0879,#7496,2025-03-28,03621f52-342b-cf4e-4f86-9350a49c6d04
880,player0880,#1949,2025-01-24,03621f52-342b-cf4e-4f86-9350a49c6d04
881,player0881,#9822,2025-03-16,03621f52-342b-cf4e-4f86-9350a49c6d04
882,player0882,#7287,2025-07-06,03621f52-342b-cf4e-4f86-9350a49c6d04
883,player0883,#5992,2025-02-07,03621f52-342b-cf4e-4f86-9350a49c6d04
884,player0884,#3227,2026-01-09,03621f52-342b-cf4e-4f86-9350a49c6d04
885,player0885,#0865,2025-05-21,03621f52-342b-cf4e-4f86-9350a49c6d04
886,player0886,#4583,2026-01-01,03621f52-342b-cf4e-4f86-9350a49c6d04
887,player0887,#7065,2025-03-20,03621f52-342b-cf4e-4f86-9350a49c6d04
888,player0888,#3019,2025-11-08,03621f52-342b-cf4e-4f86-9350a49c6d04
889,player0889,#5232,2025-09-25,03621f52-342b-cf4e-4f86-9350a49c6d04
890,player0890,#0718,2025-07-06,03621f52-342b-cf4e-4f86-9350a49c6d04
891,player0891,#9251,2026-01-16,03621f52-342b-cf4e-4f86-9350a49c6d04
892,player0892,#4517,2025-10-28,03621f52-342b-cf4e-4f86-9350a49c6d04
893,player0893,#3077,2026-01-24,03621f52-342b-cf4e-4f86-9350a49c6d04
894,player0894,#8674,2025-12-02,03621f52-342b-cf4e-4f86-9350a49c6d04
895,player0895,#1501,2026-01-05,03621f52-342b-cf4e-4f86-9350a49c6d04
896,player0896,#2415,2025-08-23,03621f52-342b-cf4e-4f86-9350a49c6d04
897,player0897,#8778,2025-04-17,03621f52-342b-cf4e-4f86-9350a49c6d04
898,player0898,#1096,2025-02-10,03621f52-342b-cf4e-4f86-9350a49c6d04
899,player0899,#9496,2025-09-08,03621f52-342b-cf4e-4f86-9350a49c6d04
900,player0900,#5944,2025-05-09,03621f52-342b-cf4e-4f86-9350a49c6d04
901,player0901,#4642,2025-01-16,03621f52-342b-cf4e-4f86-9350a49c6d04
902,player0902,#6975,2025-12-13,03621f52-342b-cf4e-4f86-9350a49c6d04
903,player0903,#8321,2025-08-23,03621f52-342b-cf4e-4f86-9350a49c6d04
904,player0904,#4460,2025-02-04,03621f52-342b-cf4e-4f86-9350a49c6d04
905,player0905,#2373,2025-06-28,03621f52-342b-cf4e-4f86-9350a49c6d04
906,player0906,#4902,2025-07-04,03621f52-342b-cf4e-4f86-9350a49c6d04
907,player0907,#1172,2025-02-28,03621f52-342b-cf4e-4f86-9350a49c6d04
908,player0908,#1574,2025-08-07,03621f52-342b-cf4e-4f86-9350a49c6d04
909,player0909,#3090,2025-12-12,03621f52-342b-cf4e-4f86-9350a49c6d04
910,player0910,#3570,2025-11-18,03621f52-342b-cf4e-4f86-9350a49c6d04
911,player0911,#4754,2025-05-04,03621f52-342b-cf4e-4f86-9350a49c6d04
912,player0912,#0969,2025-02-08,03621f52-342b-cf4e-4f86-9350a49c6d04
913,player0913,#2281,2025-06-02,03621f52-342b-cf4e-4f86-9350a49c6d04
914,player0914,#9829,2025-06-13,03621f52-342b-cf4e-4f86-9350a49c6d04
915,player0915,#3819,2025-11-24,03621f52-342b-cf4e-4f86-9350a49c6d04
916,player0916,#4662,2025-11-01,03621f52-342b-cf4e-4f86-9350a49c6d04
917,player0917,#1581,2026-01-04,03621f52-342b-cf4e-4f86-9350a49c6d04
918,player0918,#0114,2025-04-10,03621f52-342b-cf4e-4f86-9350a49c6d04
919,player0919,#3010,2025-05-26,03621f52-342b-cf4e-4f86-9350a49c6d04
920,player0920,#5618,2025-01-01,03621f52-342b-cf4e-4f86-9350a49c6d04
921,player0921,#8861,2025-04-28,03621f52-342b-cf4e-4f86-9350a49c6d04
922,player0922,#0358,2025-12-22,03621f52-342b-cf4e-4f86-9350a49c6d04
923,player0923,#1308,2025-09-18,03621f52-342b-cf4e-4f86-9350a49c6d04
924,player0924,#6951,2025-05-23,03621f52-342b-cf4e-4f86-9350a49c6d04
925,player0925,#6776,2025-06-05,03621f52-342b-cf4e-4f86-9350a49c6d04
926,player0926,#5977,2025-05-21,03621f52-342b-cf4e-4f86-9350a49c6d04
927,player0927,#7025,2025-03-12,03621f52-342b-cf4e-4f86-9350a49c6d04
928,player0928,#4907,2025-10-30,03621f52-342b-cf4e-4f86-9350a49c6d04
929,player0929,#8340,2025-08-28,03621f52-342b-cf4e-4f86-9350a49c6d04
930,player0930,#1754,2025-04-30,03621f52-342b-cf4e-4f86-9350a49c6d04
931,player0931,#5935,2025-03-22,03621f52-342b-cf4e-4f86-9350a49c6d04
932,player0932,#6441,2025-12-14,03621f52-342b-cf4e-4f86-9350a49c6d04
933,player0933,#5852,2025-06-21,03621f52-342b-cf4e-4f86-9350a49c6d04
934,player0934,#0959,2025-07-31,03621f52-342b-cf4e-4f86-9350a49c6d04
935,player0935,#5669,2025-08-10,03621f52-342b-cf4e-4f86-9350a49c6d04
936,player0936,#0789,2025-10-27,03621f52-342b-cf4e-4f86-9350a49c6d04
937,player0937,#8173,2025-07-06,03621f52-342b-cf4e-4f86-9350a49c6d04
938,player0938,#9516,2025-09-15,03621f52-342b-cf4e-4f86-9350a49c6d04
939,player0939,#7664,2025-04-15,03621f52-342b-cf4e-4f86-9350a49c6d04
940,player0940,#0089,2025-05-29,03621f52-342b-cf4e-4f86-9350a49c6d04
941,player0941,#6652,2025-04-10,03621f52-342b-cf4e-4f86-9350a49c6d04
942,player0942,#2867,2025-11-26,03621f52-342b-cf4e-4f86-9350a49c6d04
943,player0943,#2179,2025-01-22,03621f52-342b-cf4e-4f86-9350a49c6d04
944,player0944,#4578,2025-05-02,03621f52-342b-cf4e-4f86-9350a49c6d04
945,player0945,#8987,2025-12-16,03621f52-342b-cf4e-4f86-9350a49c6d04
946,player0946,#7601,2025-05-30,03621f52-342b-cf4e-4f86-9350a49c6d04
947,player0947,#4751,2025-08-27,03621f52-342b-cf4e-4f86-9350a49c6d04
948,player0948,#0983,2025-01-03,03621f52-342b-cf4e-4f86-9350a49c6d04
949,player0949,#6494,2025-07-16,03621f52-342b-cf4e-4f86-9350a49c6d04
950,player0950,#8736,2025-05-11,03621f52-342b-cf4e-4f86-9350a49c6d04
951,player0951,#6303,2026-01-09,03621f52-342b-cf4e-4f86-9350a49c6d04
952,player0952,#3790,2025-07-17,03621f52-342b-cf4e-4f86-9350a49c6d04
953,player0953,#4187,2025-03-16,03621f52-342b-cf4e-4f86-9350a49c6d04
954,player0954,#0046,2025-03-23,03621f52-342b-cf4e-4f86-9350a49c6d04
955,player0955,#2252,2025-09-01,03621f52-342b-cf4e-4f86-9350a49c6d04
956,player0956,#2785,2025-04-30,03621f52-342b-cf4e-4f86-9350a49c6d04
957,player0957,#7941,2025-01-30,03621f52-342b-cf4e-4f86-9350a49c6d04
958,player0958,#1200,2026-01-16,03621f52-342b-cf4e-4f86-9350a49c6d04
959,player0959,#7737,2025-06-03,03621f52-342b-cf4e-4f86-9350a49c6d04
960,player0960,#7590,2025-12-16,03621f52-342b-cf4e-4f86-9350a49c6d04
961,player0961,#3051,2025-01-14,03621f52-342b-cf4e-4f86-9350a49c6d04
962,player0962,#2418,2025-01-25,03621f52-342b-cf4e-4f86-9350a49c6d04
963,player0963,#3240,2025-01-10,03621f52-342b-cf4e-4f86-9350a49c6d04
964,player0964,#0805,2025-03-27,03621f52-342b-cf4e-4f86-9350a49c6d04
965,player0965,#8635,2025-01-14,03621f52-342b-cf4e-4f86-9350a49c6d04
966,player0966,#2083,2025-11-19,03621f52-342b-cf4e-4f86-9350a49c6d04
967,player0967,#6459,2025-10-17,03621f52-342b-cf4e-4f86-9350a49c6d04
968,player0968,#2497,2025-06-19,03621f52-342b-cf4e-4f86-9350a49c6d04
969,player0969,#3811,2025-07-10,03621f52-342b-cf4e-4f86-9350a49c6d04
970,player0970,#1226,2025-04-30,03621f52-342b-cf4e-4f86-9350a49c6d04
971,player0971,#0150,2025-05-08,03621f52-342b-cf4e-4f86-9350a49c6d04
972,player0972,#5691,2025-12-06,03621f52-342b-cf4e-4f86-9350a49c6d04
973,player0973,#8584,2025-12-14,03621f52-342b-cf4e-4f86-9350a49c6d04
974,player0974,#9138,2025-04-28,03621f52-342b-cf4e-4f86-9350a49c6d04
975,player0975,#2181,2025-07-25,03621f52-342b-cf4e-4f86-9350a49c6d04
976,player0976,#1738,2025-03-23,03621f52-342b-cf4e-4f86-9350a49c6d04
977,player0977,#5573,2025-03-12,03621f52-342b-cf4e-4f86-9350a49c6d04
978,player0978,#2378,2025-10-05,03621f52-342b-cf4e-4f86-9350a49c6d04
979,player0979,#5543,2025-11-27,03621f52-342b-cf4e-4f86-9350a49c6d04
980,player0980,#9866,2025-02-03,03621f52-342b-cf4e-4f86-9350a49c6d04
981,player0981,#9067,2025-11-28,03621f52-342b-cf4e-4f86-9350a49c6d04
982,player0982,#9265,2025-08-10,03621f52-342b-cf4e-4f86-9350a49c6d04
983,player0983,#3302,2025-12-05,03621f52-342b-cf4e-4f86-9350a49c6d04
984,player0984,#2275,2025-11-29,03621f52-342b-cf4e-4f86-9350a49c6d04
985,player0985,#4267,2025-10-02,03621f52-342b-cf4e-4f86-9350a49c6d04
986,player0986,#6507,2025-07-14,03621f52-342b-cf4e-4f86-9350a49c6d04
987,player0987,#9303,2025-03-30,03621f52-342b-cf4e-4f86-9350a49c6d04
988,player0988,#6794,2025-02-14,03621f52-342b-cf4e-4f86-9350a49c6d04
989,player0989,#9144,2025-01-19,03621f52-342b-cf4e-4f86-9350a49c6d04
990,player0990,#8950,2025-12-12,03621f52-342b-cf4e-4f86-9350a49c6d04
991,player0991,#4743,2025-07-14,03621f52-342b-cf4e-4f86-9350a49c6d04
992,player0992,#3951,2025-04-27,03621f52-342b-cf4e-4f86-9350a49c6d04
993,player0993,#4060,2025-03-11,03621f52-342b-cf4e-4f86-9350a49c6d04
994,player0994,#7658,2025-10-12,03621f52-342b-cf4e-4f86-9350a49c6d04
995,player0995,#9354,2025-09-23,03621f52-342b-cf4e-4f86-9350a49c6d04
996,player0996,#6980,2025-04-29,03621f52-342b-cf4e-4f86-9350a49c6d04
997,player0997,#1710,2025-12-10,03621f52-342b-cf4e-4f86-9350a49c6d04
998,player0998,#7416,2025-12-26,03621f52-342b-cf4e-4f86-9350a49c6d04
999,player0999,#7877,2026-01-21,03621f52-342b-cf4e-4f86-9350a49c6d04
1000,player1000,#8031,2026-01-24,03621f52-342b-cf4e-4f86-9350a49c6d04
